{
    "log2_no_instances": 6.643856189774724,
    "log2_no_attributes": 1,
    "log10_no_instances": 4.605170185988092,
    "log10_no_attributes": 0.6931471805599453,
    "instances_to_features": 50,
    "log_instances_to_features": 3.912023005428146,
    "features_to_instances": 50,
    "log_features_to_instances": 3.912023005428146,
    "Hopkin's statistic": 0.9914064563085953,
    "pct_of_discrete_attributes": 0,
    "mean_entropy_of_discrete_attributes": 0,
    "mean_absolute_correlation_of_continuous_attributes": 0.7544013424821174,
    "mean_concentration_of_discrete_attributes": null,
    "pca_95_components_to_features_ratio": 1,
    "pca_first_component_skewness": 0,
    "pca_first_component_kurtosis": -2,
    "pct_of_outliers": 0,
    "pct_of_mv": 0,
    "min_skewness_of_continuous_attributes": -0.503331506836153,
    "max_skewness_of_continuous_attributes": 0.5877113549246964,
    "mean_skewness_of_continuous_attributes": 0.04218992404427169,
    "std_skewness_of_continuous_attributes": 0.5455214308804247,
    "min_kurtosis_of_continuous_attributes": -0.503331506836153,
    "max_kurtosis_of_continuous_attributes": 0.5877113549246964,
    "mean_kurtosis_of_continuous_attributes": 0.04218992404427169,
    "std_kurtosis_of_continuous_attributes": 0.5455214308804247,
    "t_squared_mv_normality": 0.24,
    "t_squared_skewness": 0.4532234968996299,
    "t_squared_outliers": 0.01,
    "meanshift_silhouette": 0.7872041560360679,
    "meanshift_dunn": 0.7450082457300647,
    "meanshift_cindex": 0.0001596852918081836,
    "meanshift_calinski_harabasz": 1121.7791266401505,
    "meanshift_davies_bouldin": 0.29520046086767554,
    "meanshift_sdbw": 0.041481155597632095,
    "meanshift_cdbw": null,
    "meanshift_tau": 8.964371634404871e-08,
    "meanshift_ratkowsky_lance": 0.5646944625024262,
    "meanshift_mcclain_rao": 0.15857147412056966,
    "DBSCAN_silhouette": -0.3395206296799654,
    "DBSCAN_davies_bouldin": 1.4567584379490532,
    "DBSCAN_calinski_harabasz": 7.583648797398588,
    "OPTICS_silhouette": -0.020254717605902407,
    "OPTICS_davies_bouldin": 1.5997869355053693,
    "OPTICS_calinski_harabasz": 15.29086006259715,
    "ferrari_distance_based": {
        "Mean": 7.8688671035313655,
        "Variance": 26.030326645567566,
        "Standard deviation": 5.101992419199343,
        "Skewness": 0.08125975741894925,
        "Kurtosis": -1.2128494766458886,
        "% of values in [0, 0.1]": 0.0012121212121212121,
        "% of values in [0.1, 0.2]": 0.0030303030303030303,
        "% of values in [0.2, 0.3]": 0.0026262626262626263,
        "% of values in [0.3, 0.4]": 0.007474747474747475,
        "% of values in [0.4, 0.5]": 0.005858585858585859,
        "% of values in [0.5, 0.6]": 0.007676767676767677,
        "% of values in [0.6, 0.7]": 0.008888888888888889,
        "% of values in [0.7, 0.8]": 0.009696969696969697,
        "% of values in [0.8, 0.9]": 0.012121212121212121,
        "% of values in [0.9, 1]": 0.012525252525252526,
        "% of values with |Z-score| in [0,1)": 0.32242424242424245,
        "% of values with |Z-score| in [1,2)": 0.21252525252525253,
        "% of values with |Z-score| in [2,3)": 0.0006060606060606061,
        "% of values with |Z-score| in [3, infinity)": 0
    },
    "correlation_based": {
        "Mean": null,
        "Variance": null,
        "Standard deviation": null,
        "Skewness": null,
        "Kurtosis": null,
        "% of values in [0, 0.1]": 0.48505050505050507,
        "% of values in [0.1, 0.2]": 0,
        "% of values in [0.2, 0.3]": 0,
        "% of values in [0.3, 0.4]": 0,
        "% of values in [0.4, 0.5]": 0,
        "% of values in [0.5, 0.6]": 0,
        "% of values in [0.6, 0.7]": 0,
        "% of values in [0.7, 0.8]": 0,
        "% of values in [0.8, 0.9]": 0,
        "% of values in [0.9, 1]": 0.47515151515151516,
        "% of values with |Z-score| in [0,1)": 0,
        "% of values with |Z-score| in [1,2)": 0,
        "% of values with |Z-score| in [2,3)": 0,
        "% of values with |Z-score| in [3, infinity)": 0
    },
    "correlation_and_distance": {
        "Mean": null,
        "Variance": null,
        "Standard deviation": null,
        "Skewness": null,
        "Kurtosis": null,
        "% of values in [0, 0.1]": 0.11191919191919192,
        "% of values in [0.1, 0.2]": 0.15656565656565657,
        "% of values in [0.2, 0.3]": 0.062424242424242424,
        "% of values in [0.3, 0.4]": 0.07757575757575758,
        "% of values in [0.4, 0.5]": 0.14888888888888888,
        "% of values in [0.5, 0.6]": 0.13333333333333333,
        "% of values in [0.6, 0.7]": 0.08585858585858586,
        "% of values in [0.7, 0.8]": 0.09696969696969697,
        "% of values in [0.8, 0.9]": 0.07191919191919192,
        "% of values in [0.9, 1]": 0.014747474747474747,
        "% of values with |Z-score| in [0,1)": 0,
        "% of values with |Z-score| in [1,2)": 0,
        "% of values with |Z-score| in [2,3)": 0,
        "% of values with |Z-score| in [3, infinity)": 0
    },
    "marcoge": {
        "marcoge_mf_1": 2.304211378097534,
        "marcoge_mf_2": 0,
        "marcoge_mf_3": 0,
        "marcoge_mf_4": 1.318827509880066,
        "marcoge_mf_5": 0,
        "marcoge_mf_6": 0,
        "marcoge_mf_7": 0,
        "marcoge_mf_8": 0,
        "marcoge_mf_9": 0,
        "marcoge_mf_10": 0,
        "marcoge_mf_11": 0,
        "marcoge_mf_12": 0,
        "marcoge_mf_13": 0,
        "marcoge_mf_14": 2.630779504776001,
        "marcoge_mf_15": 0.021707484498620033,
        "marcoge_mf_16": 1.8655279874801636,
        "marcoge_mf_17": 0,
        "marcoge_mf_18": 0,
        "marcoge_mf_19": 2.7457337379455566,
        "marcoge_mf_20": 1.128833293914795,
        "marcoge_mf_21": 0,
        "marcoge_mf_22": 0,
        "marcoge_mf_23": 0,
        "marcoge_mf_24": 2.243541717529297,
        "marcoge_mf_25": 0,
        "marcoge_mf_26": 0.29040229320526123,
        "marcoge_mf_27": 0,
        "marcoge_mf_28": 0,
        "marcoge_mf_29": 2.119192361831665,
        "marcoge_mf_30": 0.03877855837345123,
        "marcoge_mf_31": 0,
        "marcoge_mf_32": 0,
        "marcoge_mf_33": 0,
        "marcoge_mf_34": 1.1116783618927002,
        "marcoge_mf_35": 0,
        "marcoge_mf_36": 0,
        "marcoge_mf_37": 0,
        "marcoge_mf_38": 1.9196652173995972,
        "marcoge_mf_39": 0,
        "marcoge_mf_40": 0.7128762602806091,
        "marcoge_mf_41": 0,
        "marcoge_mf_42": 0,
        "marcoge_mf_43": 0,
        "marcoge_mf_44": 0,
        "marcoge_mf_45": 0,
        "marcoge_mf_46": 0,
        "marcoge_mf_47": 0,
        "marcoge_mf_48": 0,
        "marcoge_mf_49": 2.2185428142547607,
        "marcoge_mf_50": 0,
        "marcoge_mf_51": 0,
        "marcoge_mf_52": 0,
        "marcoge_mf_53": 0,
        "marcoge_mf_54": 0,
        "marcoge_mf_55": 0,
        "marcoge_mf_56": 1.4642629623413086,
        "marcoge_mf_57": 0,
        "marcoge_mf_58": 0,
        "marcoge_mf_59": 0,
        "marcoge_mf_60": 0,
        "marcoge_mf_61": 0,
        "marcoge_mf_62": 0,
        "marcoge_mf_63": 1.360231637954712,
        "marcoge_mf_64": 0,
        "marcoge_mf_65": 0,
        "marcoge_mf_66": 0.7616664171218872,
        "marcoge_mf_67": 0,
        "marcoge_mf_68": 2.062396764755249,
        "marcoge_mf_69": 1.0552853345870972,
        "marcoge_mf_70": 0,
        "marcoge_mf_71": 0.9451274871826172,
        "marcoge_mf_72": 2.440110921859741,
        "marcoge_mf_73": 0,
        "marcoge_mf_74": 0,
        "marcoge_mf_75": 0,
        "marcoge_mf_76": 0,
        "marcoge_mf_77": 0,
        "marcoge_mf_78": 1.2080341577529907,
        "marcoge_mf_79": 1.9722380638122559,
        "marcoge_mf_80": 0,
        "marcoge_mf_81": 1.5161375999450684,
        "marcoge_mf_82": 0,
        "marcoge_mf_83": 1.4270390272140503,
        "marcoge_mf_84": 0,
        "marcoge_mf_85": 0,
        "marcoge_mf_86": 0,
        "marcoge_mf_87": 0,
        "marcoge_mf_88": 0,
        "marcoge_mf_89": 0,