{"log2_no_instances": 6.643856189774724, "log2_no_attributes": 1.0, "log10_no_instances": 4.605170185988092, "log10_no_attributes": 0.6931471805599453, "instances_to_features": 50.0, "log_instances_to_features": 3.912023005428146, "features_to_instances": 50.0, "log_features_to_instances": 3.912023005428146, "Hopkin's statistic": null, "pct_of_discrete_attributes": 0.0, "mean_entropy_of_discrete_attributes": 0, "mean_absolute_correlation_of_continuous_attributes": 0.2516154020511999, "mean_concentration_of_discrete_attributes": NaN, "pca_95_components_to_features_ratio": 1.0, "pca_first_component_skewness": 0.0, "pca_first_component_kurtosis": -2.0, "pct_of_outliers": 0.0, "pct_of_mv": 0.0, "min_skewness_of_continuous_attributes": -0.4917059786807537, "max_skewness_of_continuous_attributes": 0.30482863854655895, "mean_skewness_of_continuous_attributes": -0.09343867006709738, "std_skewness_of_continuous_attributes": 0.39826730861365633, "min_kurtosis_of_continuous_attributes": -0.4917059786807537, "max_kurtosis_of_continuous_attributes": 0.30482863854655895, "mean_kurtosis_of_continuous_attributes": -0.09343867006709738, "std_kurtosis_of_continuous_attributes": 0.39826730861365633, "t_squared_mv_normality": 0.26, "t_squared_skewness": 0.4334966890363187, "t_squared_outliers": 0.01, "meanshift_silhouette": 0.7820176171028205, "meanshift_dunn": 0.5964288070858222, "meanshift_cindex": 0.0005381968858917108, "meanshift_calinski_harabasz": 1081.7879799609264, "meanshift_davies_bouldin": 0.29490761215370837, "meanshift_sdbw": 0.03436876385439817, "meanshift_cdbw": null, "meanshift_tau": 7.905440007091731e-08, "meanshift_ratkowsky_lance": null, "meanshift_mcclain_rao": null, "DBSCAN_silhouette": 0.03343103409172943, "DBSCAN_davies_bouldin": 1.1518129488608673, "DBSCAN_calinski_harabasz": 35.19823196901484, "OPTICS_silhouette": -0.17742159428061322, "OPTICS_davies_bouldin": 1.2657598852270826, "OPTICS_calinski_harabasz": 13.13124755813726, "ferrari_distance_based": null, "correlation_based": null, "correlation_and_distance": null, "marcoge": null}