{"log2_no_instances": 6.643856189774724, "log2_no_attributes": 1.0, "log10_no_instances": 4.605170185988092, "log10_no_attributes": 0.6931471805599453, "instances_to_features": 50.0, "log_instances_to_features": 3.912023005428146, "features_to_instances": 50.0, "log_features_to_instances": 3.912023005428146, "Hopkin's statistic": 0.9750056447688051, "pct_of_discrete_attributes": 0.0, "mean_entropy_of_discrete_attributes": 0, "mean_absolute_correlation_of_continuous_attributes": 0.1655717566493789, "mean_concentration_of_discrete_attributes": NaN, "pca_95_components_to_features_ratio": 1.0, "pca_first_component_skewness": 0.0, "pca_first_component_kurtosis": -2.0, "pct_of_outliers": 0.0, "pct_of_mv": 0.0, "min_skewness_of_continuous_attributes": 0.37066406844870825, "max_skewness_of_continuous_attributes": 0.6945790813048519, "mean_skewness_of_continuous_attributes": 0.5326215748767801, "std_skewness_of_continuous_attributes": 0.16195750642807183, "min_kurtosis_of_continuous_attributes": 0.37066406844870825, "max_kurtosis_of_continuous_attributes": 0.6945790813048519, "mean_kurtosis_of_continuous_attributes": 0.5326215748767801, "std_kurtosis_of_continuous_attributes": 0.16195750642807183, "t_squared_mv_normality": 0.09, "t_squared_skewness": 0.8668496497829626, "t_squared_outliers": 0.01, "meanshift_silhouette": 0.8679473587450954, "meanshift_dunn": 1.4200374784730225, "meanshift_cindex": 8.041127841603365e-17, "meanshift_calinski_harabasz": 1679.9695071306496, "meanshift_davies_bouldin": 0.19608858779879737, "meanshift_sdbw": 0.02895170754976568, "meanshift_cdbw": null, "meanshift_tau": 0.00010101010101010101, "meanshift_ratkowsky_lance": 0.5693181853586822, "meanshift_mcclain_rao": 0.12253714459317473, "DBSCAN_silhouette": -0.17334824828441484, "DBSCAN_davies_bouldin": 1.070855480220588, "DBSCAN_calinski_harabasz": 17.027982841937927, "OPTICS_silhouette": -0.11129537014846587, "OPTICS_davies_bouldin": 1.0534988367388474, "OPTICS_calinski_harabasz": 24.897398295468186, "ferrari_distance_based": {"Mean": 10.20497037738255, "Variance": 36.97875007160138, "Standard deviation": 6.081015546074634, "Skewness": -0.5952305866791534, "Kurtosis": -1.38996237194047, "% of values in [0, 0.1]": 0.00101010101010101, "% of values in [0.1, 0.2]": 0.0024242424242424242, "% of values in [0.2, 0.3]": 0.0056565656565656566, "% of values in [0.3, 0.4]": 0.005858585858585859, "% of values in [0.4, 0.5]": 0.008484848484848486, "% of values in [0.5, 0.6]": 0.006868686868686869, "% of values in [0.6, 0.7]": 0.009898989898989899, "% of values in [0.7, 0.8]": 0.011717171717171718, "% of values in [0.8, 0.9]": 0.013939393939393939, "% of values in [0.9, 1]": 0.010505050505050505, "% of values with |Z-score| in [0,1)": 0.5767676767676768, "% of values with |Z-score| in [1,2)": 0.0905050505050505, "% of values with |Z-score| in [2,3)": 0.0, "% of values with |Z-score| in [3, infinity)": 0.0}, "correlation_based": {"Mean": NaN, "Variance": NaN, "Standard deviation": NaN, "Skewness": NaN, "Kurtosis": NaN, "% of values in [0, 0.1]": 0.4909090909090909, "% of values in [0.1, 0.2]": 0.0, "% of values in [0.2, 0.3]": 0.0, "% of values in [0.3, 0.4]": 0.0, "% of values in [0.4, 0.5]": 0.0, "% of values in [0.5, 0.6]": 0.0, "% of values in [0.6, 0.7]": 0.0, "% of values in [0.7, 0.8]": 0.0, "% of values in [0.8, 0.9]": 0.0, "% of values in [0.9, 1]": 0.4890909090909091, "% of values with |Z-score| in [0,1)": 0.0, "% of values with |Z-score| in [1,2)": 0.0, "% of values with |Z-score| in [2,3)": 0.0, "% of values with |Z-score| in [3, infinity)": 0.0}, "correlation_and_distance": {"Mean": NaN, "Variance": NaN, "Standard deviation": NaN, "Skewness": NaN, "Kurtosis": NaN, "% of values in [0, 0.1]": 0.11494949494949495, "% of values in [0.1, 0.2]": 0.16161616161616163, "% of values in [0.2, 0.3]": 0.041212121212121214, "% of values in [0.3, 0.4]": 0.0024242424242424242, "% of values in [0.4, 0.5]": 0.005050505050505051, "% of values in [0.5, 0.6]": 0.06464646464646465, "% of values in [0.6, 0.7]": 0.20666666666666667, "% of values in [0.7, 0.8]": 0.24868686868686868, "% of values in [0.8, 0.9]": 0.11838383838383838, "% of values in [0.9, 1]": 0.016363636363636365, "% of values with |Z-score| in [0,1)": 0.0, "% of values with |Z-score| in [1,2)": 0.0, "% of values with |Z-score| in [2,3)": 0.0, "% of values with |Z-score| in [3, infinity)": 0.0}, "marcoge": {"marcoge_mf_1": 2.298426866531372, "marcoge_mf_2": 0.0, "marcoge_mf_3": 0.0, "marcoge_mf_4": 1.3272243738174438, "marcoge_mf_5": 0.0, "marcoge_mf_6": 0.0, "marcoge_mf_7": 0.0, "marcoge_mf_8": 0.0, "marcoge_mf_9": 0.0, "marcoge_mf_10": 0.0, "marcoge_mf_11": 0.0, "marcoge_mf_12": 0.0, "marcoge_mf_13": 0.0, "marcoge_mf_14": 2.636381149291992, "marcoge_mf_15": 0.031992584466934204, "marcoge_mf_16": 1.8623216152191162, "marcoge_mf_17": 0.0, "marcoge_mf_18": 0.0, "marcoge_mf_19": 2.7368783950805664, "marcoge_mf_20": 1.1206650733947754, "marcoge_mf_21": 0.0, "marcoge_mf_22": 0.0, "marcoge_mf_23": 0.0, "marcoge_mf_24": 2.2418177127838135, "marcoge_mf_25": 0.0, "marcoge_mf_26": 0.2820178270339966, "marcoge_mf_27": 0.0, "marcoge_mf_28": 0.0, "marcoge_mf_29": 2.129145622253418, "marcoge_mf_30": 0.04749591276049614, "marcoge_mf_31": 0.0, "marcoge_mf_32": 0.0, "marcoge_mf_33": 0.0, "marcoge_mf_34": 1.1205706596374512, "marcoge_mf_35": 0.0, "marcoge_mf_36": 0.0, "marcoge_mf_37": 0.0, "marcoge_mf_38": 1.9155917167663574, "marcoge_mf_39": 0.0, "marcoge_mf_40": 0.7185669541358948, "marcoge_mf_41": 0.0, "marcoge_mf_42": 0.0, "marcoge_mf_43": 0.0, "marcoge_mf_44": 0.0, "marcoge_mf_45": 0.0, "marcoge_mf_46": 0.0, "marcoge_mf_47": 0.0, "marcoge_mf_48": 0.0, "marcoge_mf_49": 2.216385841369629, "marcoge_mf_50": 0.0, "marcoge_mf_51": 0.0, "marcoge_mf_52": 0.0, "marcoge_mf_53": 0.0, "marcoge_mf_54": 0.0, "marcoge_mf_55": 0.0, "marcoge_mf_56": 1.4571735858917236, "marcoge_mf_57": 0.0, "marcoge_mf_58": 0.0, "marcoge_mf_59": 0.0, "marcoge_mf_60": 0.0, "marcoge_mf_61": 0.0, "marcoge_mf_62": 0.0, "marcoge_mf_63": 1.3585926294326782, "marcoge_mf_64": 0.0, "marcoge_mf_65": 0.0, "marcoge_mf_66": 0.7636688947677612, "marcoge_mf_67": 0.0, "marcoge_mf_68": 2.0662386417388916, "marcoge_mf_69": 1.0629109144210815, "marcoge_mf_70": 0.0, "marcoge_mf_71": 0.9359238147735596, "marcoge_mf_72": 2.431630849838257, "marcoge_mf_73": 0.0, "marcoge_mf_74": 0.0, "marcoge_mf_75": 0.0, "marcoge_mf_76": 0.0, "marcoge_mf_77": 0.0, "marcoge_mf_78": 1.1982696056365967, "marcoge_mf_79": 1.968321681022644, "marcoge_mf_80": 0.0, "marcoge_mf_81": 1.5139899253845215, "marcoge_mf_82": 0.0, "marcoge_mf_83": 1.4155253171920776, "marcoge_mf_84": 0.0, "marcoge_mf_85": 0.0, "marcoge_mf_86": 0.0, "marcoge_mf_87": 0.0, "marcoge_mf_88": 0.0, "marcoge_mf_89": 0.0, "marcoge_mf_90": 0.2567155063152313, "marcoge_mf_91": 1.243834376335144, "marcoge_mf_92": 0.0, "marcoge_mf_93": 0.0, "marcoge_mf_94": 2.133596420288086, "marcoge_mf_95": 0.30865228176116943, "marcoge_mf_96": 0.0, "marcoge_mf_97": 0.0, "marcoge_mf_98": 0.0, "marcoge_mf_99": 0.0, "marcoge_mf_100": 0.0, "marcoge_mf_101": 0.0, "marcoge_mf_102": 0.0, "marcoge_mf_103": 0.0, "marcoge_mf_104": 1.561423897743225, "marcoge_mf_105": 2.6128427982330322, "marcoge_mf_106": 2.681058645248413, "marcoge_mf_107": 0.0, "marcoge_mf_108": 1.4441660642623901, "marcoge_mf_109": 0.9748279452323914, "marcoge_mf_110": 1.7816696166992188, "marcoge_mf_111": 0.0, "marcoge_mf_112": 0.0, "marcoge_mf_113": 0.8945252299308777, "marcoge_mf_114": 0.4517863392829895, "marcoge_mf_115": 0.0, "marcoge_mf_116": 1.1698917150497437, "marcoge_mf_117": 1.1151361465454102, "marcoge_mf_118": 0.0, "marcoge_mf_119": 1.1371207237243652, "marcoge_mf_120": 0.0, "marcoge_mf_121": 2.1421027183532715, "marcoge_mf_122": 0.0, "marcoge_mf_123": 1.165716290473938, "marcoge_mf_124": 0.0, "marcoge_mf_125": 1.3748466968536377, "marcoge_mf_126": 0.0, "marcoge_mf_127": 0.06559625267982483, "marcoge_mf_128": 1.2162076234817505, "marcoge_mf_129": 2.1551122665405273, "marcoge_mf_130": 1.6758748292922974,