{"log2_no_instances": 6.643856189774724, "log2_no_attributes": 1.0, "log10_no_instances": 4.605170185988092, "log10_no_attributes": 0.6931471805599453, "instances_to_features": 50.0, "log_instances_to_features": 3.912023005428146, "features_to_instances": 50.0, "log_features_to_instances": 3.912023005428146, "Hopkin's statistic": null, "pct_of_discrete_attributes": 0.0, "mean_entropy_of_discrete_attributes": 0, "mean_absolute_correlation_of_continuous_attributes": 0.5545900795431298, "mean_concentration_of_discrete_attributes": NaN, "pca_95_components_to_features_ratio": 1.0, "pca_first_component_skewness": 3.0511224077261435e-16, "pca_first_component_kurtosis": -2.0, "pct_of_outliers": 0.0, "pct_of_mv": 0.0, "min_skewness_of_continuous_attributes": -0.671499631913454, "max_skewness_of_continuous_attributes": -0.5770576080872822, "mean_skewness_of_continuous_attributes": -0.624278620000368, "std_skewness_of_continuous_attributes": 0.047221011913085864, "min_kurtosis_of_continuous_attributes": -0.671499631913454, "max_kurtosis_of_continuous_attributes": -0.5770576080872822, "mean_kurtosis_of_continuous_attributes": -0.624278620000368, "std_kurtosis_of_continuous_attributes": 0.047221011913085864, "t_squared_mv_normality": 0.15, "t_squared_skewness": 0.5117233920885874, "t_squared_outliers": 0.01, "meanshift_silhouette": 0.8509611330286028, "meanshift_dunn": 1.449731386903155, "meanshift_cindex": 3.456952709269227e-17, "meanshift_calinski_harabasz": 1859.284785614341, "meanshift_davies_bouldin": 0.2071033606871744, "meanshift_sdbw": 0.025992751548378337, "meanshift_cdbw": null, "meanshift_tau": 0.00010101010101010101, "meanshift_ratkowsky_lance": null, "meanshift_mcclain_rao": null, "DBSCAN_silhouette": -0.2739997357241421, "DBSCAN_davies_bouldin": 1.3195227475035676, "DBSCAN_calinski_harabasz": 4.5067796017371125, "OPTICS_silhouette": -0.15893265006141655, "OPTICS_davies_bouldin": 1.1018026993989005, "OPTICS_calinski_harabasz": 11.085747272367941, "ferrari_distance_based": null, "correlation_based": null, "correlation_and_distance": null, "marcoge": null}