{"log2_no_instances": 6.643856189774724, "log2_no_attributes": 1.0, "log10_no_instances": 4.605170185988092, "log10_no_attributes": 0.6931471805599453, "instances_to_features": 50.0, "log_instances_to_features": 3.912023005428146, "features_to_instances": 50.0, "log_features_to_instances": 3.912023005428146, "Hopkin's statistic": 0.9668863094721343, "pct_of_discrete_attributes": 0.0, "mean_entropy_of_discrete_attributes": 0, "mean_absolute_correlation_of_continuous_attributes": 0.3132629404540273, "mean_concentration_of_discrete_attributes": NaN, "pca_95_components_to_features_ratio": 1.0, "pca_first_component_skewness": 0.0, "pca_first_component_kurtosis": -2.0, "pct_of_outliers": 0.0, "pct_of_mv": 0.0, "min_skewness_of_continuous_attributes": -0.2235100949579162, "max_skewness_of_continuous_attributes": 0.05502722940712638, "mean_skewness_of_continuous_attributes": -0.08424143277539492, "std_skewness_of_continuous_attributes": 0.1392686621825213, "min_kurtosis_of_continuous_attributes": -0.2235100949579162, "max_kurtosis_of_continuous_attributes": 0.05502722940712638, "mean_kurtosis_of_continuous_attributes": -0.08424143277539492, "std_kurtosis_of_continuous_attributes": 0.1392686621825213, "t_squared_mv_normality": 0.26, "t_squared_skewness": 0.47258088628079575, "t_squared_outliers": 0.01, "meanshift_silhouette": 0.7661565880854481, "meanshift_dunn": 0.6943093603536272, "meanshift_cindex": 0.000570425233286075, "meanshift_calinski_harabasz": 974.991263275976, "meanshift_davies_bouldin": 0.3263860000077349, "meanshift_sdbw": 0.037661079680571134, "meanshift_cdbw": 0.8013020428295129, "meanshift_tau": 7.51935166155809e-08, "meanshift_ratkowsky_lance": 0.5419709074586911, "meanshift_mcclain_rao": 0.17074017429521543, "DBSCAN_silhouette": -0.3090455701200245, "DBSCAN_davies_bouldin": 1.2746776612132424, "DBSCAN_calinski_harabasz": 9.20961183299075, "OPTICS_silhouette": -0.15944209507600532, "OPTICS_davies_bouldin": 1.9044800712373418, "OPTICS_calinski_harabasz": 9.750181746771029, "ferrari_distance_based": {"Mean": 7.849712639283462, "Variance": 26.187794163315882, "Standard deviation": 5.117401114170735, "Skewness": 0.18161989925307895, "Kurtosis": -1.1235671601068185, "% of values in [0, 0.1]": 0.0014141414141414141, "% of values in [0.1, 0.2]": 0.0026262626262626263, "% of values in [0.2, 0.3]": 0.0032323232323232323, "% of values in [0.3, 0.4]": 0.0048484848484848485, "% of values in [0.4, 0.5]": 0.007474747474747475, "% of values in [0.5, 0.6]": 0.004242424242424243, "% of values in [0.6, 0.7]": 0.008282828282828282, "% of values in [0.7, 0.8]": 0.010101010101010102, "% of values in [0.8, 0.9]": 0.011717171717171718, "% of values in [0.9, 1]": 0.011111111111111112, "% of values with |Z-score| in [0,1)": 0.31252525252525254, "% of values with |Z-score| in [1,2)": 0.20606060606060606, "% of values with |Z-score| in [2,3)": 0.0032323232323232323, "% of values with |Z-score| in [3, infinity)": 0.0}, "correlation_based": {"Mean": -0.0036363636363636333, "Variance": 0.9999867768595038, "Standard deviation": 0.9999933884078953, "Skewness": 0.007272775357351272, "Kurtosis": -1.9999471067386014, "% of values in [0, 0.1]": 0.5018181818181818, "% of values in [0.1, 0.2]": 0.0, "% of values in [0.2, 0.3]": 0.0, "% of values in [0.3, 0.4]": 0.0, "% of values in [0.4, 0.5]": 0.0, "% of values in [0.5, 0.6]": 0.0, "% of values in [0.6, 0.7]": 0.0, "% of values in [0.7, 0.8]": 0.0, "% of values in [0.8, 0.9]": 0.0, "% of values in [0.9, 1]": 0.49818181818181817, "% of values with |Z-score| in [0,1)": 0.0, "% of values with |Z-score| in [1,2)": 0.49818181818181817, "% of values with |Z-score| in [2,3)": 0.0, "% of values with |Z-score| in [3, infinity)": 0.0}, "correlation_and_distance": {"Mean": 0.4277891500871668, "Variance": 0.0637852244322985, "Standard deviation": 0.2525573685963221, "Skewness": 0.16838552249575384, "Kurtosis": -1.0440706422531798, "% of values in [0, 0.1]": 0.10484848484848484, "% of values in [0.1, 0.2]": 0.1618181818181818, "% of values in [0.2, 0.3]": 0.081010101010101, "% of values in [0.3, 0.4]": 0.0993939393939394, "% of values in [0.4, 0.5]": 0.16464646464646465, "% of values in [0.5, 0.6]": 0.13292929292929292, "% of values in [0.6, 0.7]": 0.06747474747474748, "% of values in [0.7, 0.8]": 0.09353535353535354, "% of values in [0.8, 0.9]": 0.07616161616161617, "% of values in [0.9, 1]": 0.01818181818181818, "% of values with |Z-score| in [0,1)": 0.31393939393939396, "% of values with |Z-score| in [1,2)": 0.19353535353535353, "% of values with |Z-score| in [2,3)": 0.007272727272727273, "% of values with |Z-score| in [3, infinity)": 0.0}, "marcoge": {"marcoge_mf_1": 2.341965675354004, "marcoge_mf_2": 0.0, "marcoge_mf_3": 0.0, "marcoge_mf_4": 1.3438866138458252, "marcoge_mf_5": 0.0, "marcoge_mf_6": 0.0, "marcoge_mf_7": 0.0, "marcoge_mf_8": 0.0, "marcoge_mf_9": 0.0, "marcoge_mf_10": 0.0, "marcoge_mf_11": 0.0, "marcoge_mf_12": 0.0, "marcoge_mf_13": 0.0, "marcoge_mf_14": 2.676440954208374, "marcoge_mf_15": 0.03461182862520218, "marcoge_mf_16": 1.896414041519165, "marcoge_mf_17": 0.0, "marcoge_mf_18": 0.0, "marcoge_mf_19": 2.7866744995117188, "marcoge_mf_20": 1.1283881664276123, "marcoge_mf_21": 0.0, "marcoge_mf_22": 0.0, "marcoge_mf_23": 0.0, "marcoge_mf_24": 2.2729411125183105, "marcoge_mf_25": 0.0, "marcoge_mf_26": 0.2927158772945404, "marcoge_mf_27": 0.0, "marcoge_mf_28": 0.0, "marcoge_mf_29": 2.1609411239624023, "marcoge_mf_30": 0.044456008821725845, "marcoge_mf_31": 0.0, "marcoge_mf_32": 0.0, "marcoge_mf_33": 0.0, "marcoge_mf_34": 1.128305435180664, "marcoge_mf_35": 0.0, "marcoge_mf_36": 0.0, "marcoge_mf_37": 0.0, "marcoge_mf_38": 1.9512258768081665, "marcoge_mf_39": 0.0, "marcoge_mf_40": 0.7336517572402954, "marcoge_mf_41": 0.0, "marcoge_mf_42": 0.0, "marcoge_mf_43": 0.0, "marcoge_mf_44": 0.0, "marcoge_mf_45": 0.0, "marcoge_mf_46": 0.0, "marcoge_mf_47": 0.0, "marcoge_mf_48": 0.0, "marcoge_mf_49": 2.255387544631958, "marcoge_mf_50": 0.0, "marcoge_mf_51": 0.0, "marcoge_mf_52": 0.0, "marcoge_mf_53": 0.0, "marcoge_mf_54": 0.0, "marcoge_mf_55": 0.0, "marcoge_mf_56": 1.4801632165908813, "marcoge_mf_57": 0.0, "marcoge_mf_58": 0.0, "marcoge_mf_59": 0.0, "marcoge_mf_60": 0.0, "marcoge_mf_61": 0.0, "marcoge_mf_62": 0.0, "marcoge_mf_63": 1.3898051977157593, "marcoge_mf_64": 0.0, "marcoge_mf_65": 0.0, "marcoge_mf_66": 0.7793246507644653, "marcoge_mf_67": 0.0, "marcoge_mf_68": 2.100975513458252, "marcoge_mf_69": 1.0751622915267944, "marcoge_mf_70": 0.0, "marcoge_mf_71": 0.9551233649253845, "marcoge_mf_72": 2.477790594100952, "marcoge_mf_73": 0.0, "marcoge_mf_74": 0.0, "marcoge_mf_75": 0.0, "marcoge_mf_76": 0.0, "marcoge_mf_77": 0.0, "marcoge_mf_78": 1.2157742977142334, "marcoge_mf_79": 2.0028903484344482, "marcoge_mf_80": 0.0, "marcoge_mf_81": 1.5454400777816772, "marcoge_mf_82": 0.0, "marcoge_mf_83": 1.4476999044418335, "marcoge_mf_84": 0.0, "marcoge_mf_85": 0.0, "marcoge_mf_86": 0.0, "marcoge_mf_87": 0.0, "marcoge_mf_88": 0.0, "marcoge_mf_89": 0.0, "marcoge_mf_90": 0.26202642917633057, "marcoge_mf_91": 1.255037784576416, "marcoge_mf_92": 0.0, "marcoge_mf_93": 0.0, "marcoge_mf_94": 2.1782631874084473, "marcoge_mf_95": 0.31631964445114136, "marcoge_mf_96": 0.0, "marcoge_mf_97": 0.0, "marcoge_mf_98": 0.0, "marcoge_mf_99": 0.0, "marcoge_mf_100": 0.0, "marcoge_mf_101": 0.0, "marcoge_mf_102": 0.0, "marcoge_mf_103": 0.0, "marcoge_mf_104": 1.5820196866989136, "marcoge_mf_105": 2.660832405090332, "marcoge_mf_106": 2.734854221343994, "marcoge_mf_107": 0.0, "marcoge_mf_108": 1.4876121282577515, "marcoge_mf_109": 0.985573947429657, "marcoge_mf_110": 1.8137584924697876, "marcoge_mf_111": 0.0, "marcoge_mf_112": 0.0, "marcoge_mf_113": 0.9157904982566833, "marcoge_mf_114": 0.4677838385105133, "marcoge_mf_115": 0.0, "marcoge_mf_116": 1.1896061897277832, "marcoge_mf_117": 1.1369043588638306, "marcoge_mf_118": 0.0, "marcoge_mf_119": 1.154894232749939, "marcoge_mf_120": 0.0, "marcoge_mf_121": 2.1772916316986084, "marcoge_mf_122": 0.0,