{"log2_no_instances": 6.643856189774724, "log2_no_attributes": 1.0, "log10_no_instances": 4.605170185988092, "log10_no_attributes": 0.6931471805599453, "instances_to_features": 50.0, "log_instances_to_features": 3.912023005428146, "features_to_instances": 50.0, "log_features_to_instances": 3.912023005428146, "Hopkin's statistic": 0.9541427563325615, "pct_of_discrete_attributes": 0.0, "mean_entropy_of_discrete_attributes": 0, "mean_absolute_correlation_of_continuous_attributes": 0.5695803684110521, "mean_concentration_of_discrete_attributes": NaN, "pca_95_components_to_features_ratio": 0.5, "pca_first_component_skewness": 2.7759296061317797e-15, "pca_first_component_kurtosis": -2.0, "pct_of_outliers": 0.0, "pct_of_mv": 0.0, "min_skewness_of_continuous_attributes": -0.5197387235590016, "max_skewness_of_continuous_attributes": 0.20350954754088033, "mean_skewness_of_continuous_attributes": -0.15811458800906064, "std_skewness_of_continuous_attributes": 0.361624135549941, "min_kurtosis_of_continuous_attributes": -0.5197387235590016, "max_kurtosis_of_continuous_attributes": 0.20350954754088033, "mean_kurtosis_of_continuous_attributes": -0.15811458800906064, "std_kurtosis_of_continuous_attributes": 0.361624135549941, "t_squared_mv_normality": 0.4, "t_squared_skewness": 1.3759638242591148, "t_squared_outliers": 0.01, "meanshift_silhouette": 0.8000044856975266, "meanshift_dunn": 0.7007873303658191, "meanshift_cindex": 0.0003354790868902694, "meanshift_calinski_harabasz": 880.3381696480626, "meanshift_davies_bouldin": 0.26297701693373376, "meanshift_sdbw": 0.07102012270412844, "meanshift_cdbw": null, "meanshift_tau": 7.813303974340451e-08, "meanshift_ratkowsky_lance": 0.573821400273703, "meanshift_mcclain_rao": 0.20530708062456793, "DBSCAN_silhouette": -0.37437836439383787, "DBSCAN_davies_bouldin": 1.7551407620730186, "DBSCAN_calinski_harabasz": 5.451718269763573, "OPTICS_silhouette": -0.15415738288359288, "OPTICS_davies_bouldin": 1.116818974047623, "OPTICS_calinski_harabasz": 12.095229697692625, "ferrari_distance_based": {"Mean": 7.177336017456036, "Variance": 28.456152469877054, "Standard deviation": 5.334430847792204, "Skewness": 0.288544049880754, "Kurtosis": -1.5362098454920892, "% of values in [0, 0.1]": 0.00101010101010101, "% of values in [0.1, 0.2]": 0.0018181818181818182, "% of values in [0.2, 0.3]": 0.0032323232323232323, "% of values in [0.3, 0.4]": 0.007272727272727273, "% of values in [0.4, 0.5]": 0.006666666666666667, "% of values in [0.5, 0.6]": 0.007474747474747475, "% of values in [0.6, 0.7]": 0.00787878787878788, "% of values in [0.7, 0.8]": 0.01191919191919192, "% of values in [0.8, 0.9]": 0.008484848484848486, "% of values in [0.9, 1]": 0.011313131313131313, "% of values with |Z-score| in [0,1)": 0.2113131313131313, "% of values with |Z-score| in [1,2)": 0.2406060606060606, "% of values with |Z-score| in [2,3)": 0.00101010101010101, "% of values with |Z-score| in [3, infinity)": 0.0}, "correlation_based": {"Mean": NaN, "Variance": NaN, "Standard deviation": NaN, "Skewness": NaN, "Kurtosis": NaN, "% of values in [0, 0.1]": 0.49373737373737375, "% of values in [0.1, 0.2]": 0.0, "% of values in [0.2, 0.3]": 0.0, "% of values in [0.3, 0.4]": 0.0, "% of values in [0.4, 0.5]": 0.0, "% of values in [0.5, 0.6]": 0.0, "% of values in [0.6, 0.7]": 0.0, "% of values in [0.7, 0.8]": 0.0, "% of values in [0.8, 0.9]": 0.0, "% of values in [0.9, 1]": 0.4862626262626263, "% of values with |Z-score| in [0,1)": 0.0, "% of values with |Z-score| in [1,2)": 0.0, "% of values with |Z-score| in [2,3)": 0.0, "% of values with |Z-score| in [3, infinity)": 0.0}, "correlation_and_distance": {"Mean": NaN, "Variance": NaN, "Standard deviation": NaN, "Skewness": NaN, "Kurtosis": NaN, "% of values in [0, 0.1]": 0.11070707070707071, "% of values in [0.1, 0.2]": 0.22747474747474747, "% of values in [0.2, 0.3]": 0.14888888888888888, "% of values in [0.3, 0.4]": 0.04666666666666667, "% of values in [0.4, 0.5]": 0.03494949494949495, "% of values in [0.5, 0.6]": 0.08565656565656565, "% of values in [0.6, 0.7]": 0.13434343434343435, "% of values in [0.7, 0.8]": 0.12161616161616162, "% of values in [0.8, 0.9]": 0.06181818181818182, "% of values in [0.9, 1]": 0.00787878787878788, "% of values with |Z-score| in [0,1)": 0.0, "% of values with |Z-score| in [1,2)": 0.0, "% of values with |Z-score| in [2,3)": 0.0, "% of values with |Z-score| in [3, infinity)": 0.0}, "marcoge": {"marcoge_mf_1": 2.277503728866577, "marcoge_mf_2": 0.0, "marcoge_mf_3": 0.0, "marcoge_mf_4": 1.3000168800354004, "marcoge_mf_5": 0.0, "marcoge_mf_6": 0.0, "marcoge_mf_7": 0.0, "marcoge_mf_8": 0.0, "marcoge_mf_9": 0.0, "marcoge_mf_10": 0.0, "marcoge_mf_11": 0.0, "marcoge_mf_12": 0.0, "marcoge_mf_13": 0.0, "marcoge_mf_14": 2.60478138923645, "marcoge_mf_15": 0.025365151464939117, "marcoge_mf_16": 1.847849726676941, "marcoge_mf_17": 0.0, "marcoge_mf_18": 0.0, "marcoge_mf_19": 2.709623336791992, "marcoge_mf_20": 1.1116290092468262, "marcoge_mf_21": 0.0, "marcoge_mf_22": 0.0, "marcoge_mf_23": 0.0, "marcoge_mf_24": 2.2078304290771484, "marcoge_mf_25": 0.0, "marcoge_mf_26": 0.28045588731765747, "marcoge_mf_27": 0.0, "marcoge_mf_28": 0.0, "marcoge_mf_29": 2.1060500144958496, "marcoge_mf_30": 0.05058472603559494, "marcoge_mf_31": 0.0, "marcoge_mf_32": 0.0, "marcoge_mf_33": 0.0, "marcoge_mf_34": 1.102006435394287, "marcoge_mf_35": 0.0, "marcoge_mf_36": 0.0, "marcoge_mf_37": 0.0, "marcoge_mf_38": 1.895910620689392, "marcoge_mf_39": 0.0, "marcoge_mf_40": 0.7073190808296204, "marcoge_mf_41": 0.0, "marcoge_mf_42": 0.0, "marcoge_mf_43": 0.0, "marcoge_mf_44": 0.0, "marcoge_mf_45": 0.0, "marcoge_mf_46": 0.0, "marcoge_mf_47": 0.0, "marcoge_mf_48": 0.0, "marcoge_mf_49": 2.1984035968780518, "marcoge_mf_50": 0.0, "marcoge_mf_51": 0.0, "marcoge_mf_52": 0.0, "marcoge_mf_53": 0.0, "marcoge_mf_54": 0.0, "marcoge_mf_55": 0.0, "marcoge_mf_56": 1.4377282857894897, "marcoge_mf_57": 0.0, "marcoge_mf_58": 0.0, "marcoge_mf_59": 0.0, "marcoge_mf_60": 0.0, "marcoge_mf_61": 0.0, "marcoge_mf_62": 0.0, "marcoge_mf_63": 1.3532154560089111, "marcoge_mf_64": 0.0, "marcoge_mf_65": 0.0, "marcoge_mf_66": 0.7510858178138733, "marcoge_mf_67": 0.0, "marcoge_mf_68": 2.040126085281372, "marcoge_mf_69": 1.050650954246521, "marcoge_mf_70": 0.0, "marcoge_mf_71": 0.9345736503601074, "marcoge_mf_72": 2.4075467586517334, "marcoge_mf_73": 0.0, "marcoge_mf_74": 0.0, "marcoge_mf_75": 0.0, "marcoge_mf_76": 0.0, "marcoge_mf_77": 0.0, "marcoge_mf_78": 1.1799521446228027, "marcoge_mf_79": 1.9516067504882812, "marcoge_mf_80": 0.0, "marcoge_mf_81": 1.5075877904891968, "marcoge_mf_82": 0.0, "marcoge_mf_83": 1.4059667587280273, "marcoge_mf_84": 0.0, "marcoge_mf_85": 0.0, "marcoge_mf_86": 0.0, "marcoge_mf_87": 0.0, "marcoge_mf_88": 0.0, "marcoge_mf_89": 0.0, "marcoge_mf_90": 0.2530475854873657, "marcoge_mf_91": 1.2293297052383423, "marcoge_mf_92": 0.0, "marcoge_mf_93": 0.0, "marcoge_mf_94": 2.109156847000122, "marcoge_mf_95": 0.3103199303150177, "marcoge_mf_96": 0.0, "marcoge_mf_97": 0.0, "marcoge_mf_98": 0.0, "marcoge_mf_99": 0.0, "marcoge_mf_100": 0.0, "marcoge_mf_101": 0.0, "marcoge_mf_102": 0.0, "marcoge_mf_103": 0.0, "marcoge_mf_104": 1.5453168153762817, "marcoge_mf_105": 2.589315891265869, "marcoge_mf_106": 2.6658005714416504, "marcoge_mf_107": 0.0, "marcoge_mf_108": 1.4356932640075684, "marcoge_mf_109": 0.9630764722824097, "marcoge_mf_110": 1.759283423423767, "marcoge_mf_111": 0.0, "marcoge_mf_112": 0.0, "marcoge_mf_113": 0.8876685500144958, "marcoge_mf_114": 0.44431179761886597, "marcoge_mf_115": 0.0, "marcoge_mf_116": 1.1671040058135986, "marcoge_mf_117": 1.105587363243103, "marcoge_mf_118": 0.0, "marcoge_mf_119": 1.1171789169311523, "marcoge_mf_120": 0.0, "marcoge_mf_121": 2.107464075088501, "marcoge_mf_122": 0.0, "marcoge_mf_123": 1.1533056497573853, "marcoge_mf_124": 0.0, "marcoge_mf_125": 1.3657050132751465, "marcoge_mf_126": 0.0, "marcoge_mf_127": 0.07308075577020645, "marcoge_mf_128": 1.2038902044296265, "marcoge_mf_129": 2.1346704959869385,