{"log2_no_instances": 6.643856189774724, "log2_no_attributes": 1.0, "log10_no_instances": 4.605170185988092, "log10_no_attributes": 0.6931471805599453, "instances_to_features": 50.0, "log_instances_to_features": 3.912023005428146, "features_to_instances": 50.0, "log_features_to_instances": 3.912023005428146, "Hopkin's statistic": 0.9659337980118673, "pct_of_discrete_attributes": 0.0, "mean_entropy_of_discrete_attributes": 0, "mean_absolute_correlation_of_continuous_attributes": 0.751012598208064, "mean_concentration_of_discrete_attributes": NaN, "pca_95_components_to_features_ratio": 1.0, "pca_first_component_skewness": 0.0, "pca_first_component_kurtosis": -2.0, "pct_of_outliers": 0.0, "pct_of_mv": 0.0, "min_skewness_of_continuous_attributes": -0.49271842577501845, "max_skewness_of_continuous_attributes": 0.3938814483486495, "mean_skewness_of_continuous_attributes": -0.049418488713184466, "std_skewness_of_continuous_attributes": 0.443299937061834, "min_kurtosis_of_continuous_attributes": -0.49271842577501845, "max_kurtosis_of_continuous_attributes": 0.3938814483486495, "mean_kurtosis_of_continuous_attributes": -0.049418488713184466, "std_kurtosis_of_continuous_attributes": 0.443299937061834, "t_squared_mv_normality": 0.22, "t_squared_skewness": 0.34684684871835475, "t_squared_outliers": 0.01, "meanshift_silhouette": 0.7668433108539285, "meanshift_dunn": 0.35402522095329947, "meanshift_cindex": 0.0021557911908422697, "meanshift_calinski_harabasz": 1359.7205059601135, "meanshift_davies_bouldin": 0.3179794474172523, "meanshift_sdbw": 0.034924680975323905, "meanshift_cdbw": null, "meanshift_tau": -7.792987090916884e-08, "meanshift_ratkowsky_lance": 0.5672670470608919, "meanshift_mcclain_rao": 0.14470563367661207, "DBSCAN_silhouette": -0.23732008745446787, "DBSCAN_davies_bouldin": 1.1983747820187678, "DBSCAN_calinski_harabasz": 15.409392266353388, "OPTICS_silhouette": -0.2834083718016409, "OPTICS_davies_bouldin": 1.0853563824109032, "OPTICS_calinski_harabasz": 10.975505347743955, "ferrari_distance_based": {"Mean": 9.115704832133693, "Variance": 40.09436996025803, "Standard deviation": 6.332011525594219, "Skewness": 0.016451786932923575, "Kurtosis": -1.6857233075996914, "% of values in [0, 0.1]": 0.00040404040404040404, "% of values in [0.1, 0.2]": 0.0028282828282828283, "% of values in [0.2, 0.3]": 0.0048484848484848485, "% of values in [0.3, 0.4]": 0.0052525252525252525, "% of values in [0.4, 0.5]": 0.007676767676767677, "% of values in [0.5, 0.6]": 0.00808080808080808, "% of values in [0.6, 0.7]": 0.010505050505050505, "% of values in [0.7, 0.8]": 0.007676767676767677, "% of values in [0.8, 0.9]": 0.012121212121212121, "% of values in [0.9, 1]": 0.01191919191919192, "% of values with |Z-score| in [0,1)": 0.18585858585858586, "% of values with |Z-score| in [1,2)": 0.2705050505050505, "% of values with |Z-score| in [2,3)": 0.0, "% of values with |Z-score| in [3, infinity)": 0.0}, "correlation_based": {"Mean": -0.009696969696969692, "Variance": 0.9999059687786958, "Standard deviation": 0.9999529832840621, "Skewness": 0.01939485127615243, "Kurtosis": -1.9996238397439756, "% of values in [0, 0.1]": 0.5048484848484849, "% of values in [0.1, 0.2]": 0.0, "% of values in [0.2, 0.3]": 0.0, "% of values in [0.3, 0.4]": 0.0, "% of values in [0.4, 0.5]": 0.0, "% of values in [0.5, 0.6]": 0.0, "% of values in [0.6, 0.7]": 0.0, "% of values in [0.7, 0.8]": 0.0, "% of values in [0.8, 0.9]": 0.0, "% of values in [0.9, 1]": 0.4951515151515152, "% of values with |Z-score| in [0,1)": 0.0, "% of values with |Z-score| in [1,2)": 0.4951515151515152, "% of values with |Z-score| in [2,3)": 0.0, "% of values with |Z-score| in [3, infinity)": 0.0}, "correlation_and_distance": {"Mean": 0.45766944832944123, "Variance": 0.08562219055691438, "Standard deviation": 0.2926126971901841, "Skewness": 0.014836776460542503, "Kurtosis": -1.6037641367845699, "% of values in [0, 0.1]": 0.11797979797979798, "% of values in [0.1, 0.2]": 0.1785858585858586, "% of values in [0.2, 0.3]": 0.10282828282828282, "% of values in [0.3, 0.4]": 0.10020202020202021, "% of values in [0.4, 0.5]": 0.04464646464646465, "% of values in [0.5, 0.6]": 0.013131313131313131, "% of values in [0.6, 0.7]": 0.09373737373737374, "% of values in [0.7, 0.8]": 0.2105050505050505, "% of values in [0.8, 0.9]": 0.12585858585858586, "% of values in [0.9, 1]": 0.012525252525252526, "% of values with |Z-score| in [0,1)": 0.22666666666666666, "% of values with |Z-score| in [1,2)": 0.24, "% of values with |Z-score| in [2,3)": 0.0, "% of values with |Z-score| in [3, infinity)": 0.0}, "marcoge": {"marcoge_mf_1": 2.330120086669922, "marcoge_mf_2": 0.0, "marcoge_mf_3": 0.0, "marcoge_mf_4": 1.3315119743347168, "marcoge_mf_5": 0.0, "marcoge_mf_6": 0.0, "marcoge_mf_7": 0.0, "marcoge_mf_8": 0.0, "marcoge_mf_9": 0.0, "marcoge_mf_10": 0.0, "marcoge_mf_11": 0.0, "marcoge_mf_12": 0.0, "marcoge_mf_13": 0.0, "marcoge_mf_14": 2.6569247245788574, "marcoge_mf_15": 0.016077958047389984, "marcoge_mf_16": 1.882888913154602, "marcoge_mf_17": 0.0, "marcoge_mf_18": 0.0, "marcoge_mf_19": 2.77046537399292, "marcoge_mf_20": 1.1366826295852661, "marcoge_mf_21": 0.0, "marcoge_mf_22": 0.0, "marcoge_mf_23": 0.0, "marcoge_mf_24": 2.2552132606506348, "marcoge_mf_25": 0.0, "marcoge_mf_26": 0.28953856229782104, "marcoge_mf_27": 0.0, "marcoge_mf_28": 0.0, "marcoge_mf_29": 2.1574015617370605, "marcoge_mf_30": 0.05729144439101219, "marcoge_mf_31": 0.0, "marcoge_mf_32": 0.0, "marcoge_mf_33": 0.0, "marcoge_mf_34": 1.1246997117996216, "marcoge_mf_35": 0.0, "marcoge_mf_36": 0.0, "marcoge_mf_37": 0.0, "marcoge_mf_38": 1.9269152879714966, "marcoge_mf_39": 0.0, "marcoge_mf_40": 0.721210241317749, "marcoge_mf_41": 0.0, "marcoge_mf_42": 0.0, "marcoge_mf_43": 0.0, "marcoge_mf_44": 0.0, "marcoge_mf_45": 0.0, "marcoge_mf_46": 0.0, "marcoge_mf_47": 0.0, "marcoge_mf_48": 0.0, "marcoge_mf_49": 2.2496085166931152, "marcoge_mf_50": 0.0, "marcoge_mf_51": 0.0, "marcoge_mf_52": 0.0, "marcoge_mf_53": 0.0, "marcoge_mf_54": 0.0, "marcoge_mf_55": 0.0, "marcoge_mf_56": 1.4721543788909912, "marcoge_mf_57": 0.0, "marcoge_mf_58": 0.0, "marcoge_mf_59": 0.0, "marcoge_mf_60": 0.0, "marcoge_mf_61": 0.0, "marcoge_mf_62": 0.0, "marcoge_mf_63": 1.3788713216781616, "marcoge_mf_64": 0.0, "marcoge_mf_65": 0.0, "marcoge_mf_66": 0.7684086561203003, "marcoge_mf_67": 0.0, "marcoge_mf_68": 2.080479621887207, "marcoge_mf_69": 1.073121428489685, "marcoge_mf_70": 0.0, "marcoge_mf_71": 0.9427488446235657, "marcoge_mf_72": 2.4655611515045166, "marcoge_mf_73": 0.0, "marcoge_mf_74": 0.0, "marcoge_mf_75": 0.0, "marcoge_mf_76": 0.0, "marcoge_mf_77": 0.0, "marcoge_mf_78": 1.2053594589233398, "marcoge_mf_79": 1.9864132404327393, "marcoge_mf_80": 0.0, "marcoge_mf_81": 1.5367317199707031, "marcoge_mf_82": 0.0, "marcoge_mf_83": 1.4315992593765259, "marcoge_mf_84": 0.0, "marcoge_mf_85": 0.0, "marcoge_mf_86": 0.0, "marcoge_mf_87": 0.0, "marcoge_mf_88": 0.0, "marcoge_mf_89": 0.0, "marcoge_mf_90": 0.2613508701324463, "marcoge_mf_91": 1.2505693435668945, "marcoge_mf_92": 0.0, "marcoge_mf_93": 0.0, "marcoge_mf_94": 2.1506361961364746, "marcoge_mf_95": 0.31291505694389343, "marcoge_mf_96": 0.0, "marcoge_mf_97": 0.0, "marcoge_mf_98": 0.0, "marcoge_mf_99": 0.0, "marcoge_mf_100": 0.0, "marcoge_mf_101": 0.0, "marcoge_mf_102": 0.0, "marcoge_mf_103": 0.0, "marcoge_mf_104": 1.5799589157104492, "marcoge_mf_105": 2.6304123401641846, "marcoge_mf_106": 2.712099313735962, "marcoge_mf_107": 0.0, "marcoge_mf_108": 1.4576948881149292, "marcoge_mf_109": 0.9860402941703796, "marcoge_mf_110": 1.8026037216186523, "marcoge_mf_111": 0.0, "marcoge_mf_112": 0.0, "marcoge_mf_113": 0.9072937965393066, "marcoge_mf_114": 0.45006442070007324, "marcoge_mf_115": 0.0, "marcoge_mf_116": 1.1955461502075195, "marcoge_mf_117": 1.1256829500198364, "marcoge_mf_118": 0.0, "marcoge_mf_119": 1.1486148834228516, "marcoge_mf_120": 0.0, "marcoge_mf_121": 2.1611428260803223, "marcoge_mf_122": 0.0, "marcoge_mf_123": 1.1815186738967896, "marcoge_mf_124": 0.0,