{"log2_no_instances": 6.643856189774724, "log2_no_attributes": 1.0, "log10_no_instances": 4.605170185988092, "log10_no_attributes": 0.6931471805599453, "instances_to_features": 50.0, "log_instances_to_features": 3.912023005428146, "features_to_instances": 50.0, "log_features_to_instances": 3.912023005428146, "Hopkin's statistic": 0.9920878750264192, "pct_of_discrete_attributes": 0.0, "mean_entropy_of_discrete_attributes": 0, "mean_absolute_correlation_of_continuous_attributes": 0.8913541771791995, "mean_concentration_of_discrete_attributes": NaN, "pca_95_components_to_features_ratio": 1.0, "pca_first_component_skewness": 0.0, "pca_first_component_kurtosis": -2.0, "pct_of_outliers": 0.0, "pct_of_mv": 0.0, "min_skewness_of_continuous_attributes": -0.1142646661310082, "max_skewness_of_continuous_attributes": 0.7046079762300015, "mean_skewness_of_continuous_attributes": 0.29517165504949666, "std_skewness_of_continuous_attributes": 0.4094363211805049, "min_kurtosis_of_continuous_attributes": -0.1142646661310082, "max_kurtosis_of_continuous_attributes": 0.7046079762300015, "mean_kurtosis_of_continuous_attributes": 0.29517165504949666, "std_kurtosis_of_continuous_attributes": 0.4094363211805049, "t_squared_mv_normality": 0.24, "t_squared_skewness": 0.707067365823182, "t_squared_outliers": 0.01, "meanshift_silhouette": 0.779416094377234, "meanshift_dunn": 0.4935970301293291, "meanshift_cindex": 0.0013073611396248398, "meanshift_calinski_harabasz": 2156.016773864422, "meanshift_davies_bouldin": 0.3054933861980849, "meanshift_sdbw": 0.022093591858062558, "meanshift_cdbw": null, "meanshift_tau": -2.3746307465588486e-08, "meanshift_ratkowsky_lance": 0.5702432660032885, "meanshift_mcclain_rao": 0.1187669654195499, "DBSCAN_silhouette": -0.20437238216933515, "DBSCAN_davies_bouldin": 1.8924130698028214, "DBSCAN_calinski_harabasz": 14.257401532281502, "OPTICS_silhouette": -0.32342957407347755, "OPTICS_davies_bouldin": 1.4781649751597248, "OPTICS_calinski_harabasz": 7.686831808479237, "ferrari_distance_based": {"Mean": 11.04865627574628, "Variance": 71.03355634304445, "Standard deviation": 8.42814074058119, "Skewness": 0.1836825209888367, "Kurtosis": -1.6182902260847656, "% of values in [0, 0.1]": 0.0008080808080808081, "% of values in [0.1, 0.2]": 0.0026262626262626263, "% of values in [0.2, 0.3]": 0.004646464646464647, "% of values in [0.3, 0.4]": 0.0052525252525252525, "% of values in [0.4, 0.5]": 0.005050505050505051, "% of values in [0.5, 0.6]": 0.008484848484848486, "% of values in [0.6, 0.7]": 0.009494949494949495, "% of values in [0.7, 0.8]": 0.007474747474747475, "% of values in [0.8, 0.9]": 0.01090909090909091, "% of values in [0.9, 1]": 0.011111111111111112, "% of values with |Z-score| in [0,1)": 0.2111111111111111, "% of values with |Z-score| in [1,2)": 0.23757575757575758, "% of values with |Z-score| in [2,3)": 0.0, "% of values with |Z-score| in [3, infinity)": 0.0}, "correlation_based": {"Mean": NaN, "Variance": NaN, "Standard deviation": NaN, "Skewness": NaN, "Kurtosis": NaN, "% of values in [0, 0.1]": 0.49454545454545457, "% of values in [0.1, 0.2]": 0.0, "% of values in [0.2, 0.3]": 0.0, "% of values in [0.3, 0.4]": 0.0, "% of values in [0.4, 0.5]": 0.0, "% of values in [0.5, 0.6]": 0.0, "% of values in [0.6, 0.7]": 0.0, "% of values in [0.7, 0.8]": 0.0, "% of values in [0.8, 0.9]": 0.0, "% of values in [0.9, 1]": 0.48545454545454547, "% of values with |Z-score| in [0,1)": 0.0, "% of values with |Z-score| in [1,2)": 0.0, "% of values with |Z-score| in [2,3)": 0.0, "% of values with |Z-score| in [3, infinity)": 0.0}, "correlation_and_distance": {"Mean": NaN, "Variance": NaN, "Standard deviation": NaN, "Skewness": NaN, "Kurtosis": NaN, "% of values in [0, 0.1]": 0.1686868686868687, "% of values in [0.1, 0.2]": 0.18222222222222223, "% of values in [0.2, 0.3]": 0.12101010101010101, "% of values in [0.3, 0.4]": 0.06101010101010101, "% of values in [0.4, 0.5]": 0.008888888888888889, "% of values in [0.5, 0.6]": 0.055353535353535356, "% of values in [0.6, 0.7]": 0.1393939393939394, "% of values in [0.7, 0.8]": 0.1387878787878788, "% of values in [0.8, 0.9]": 0.09535353535353536, "% of values in [0.9, 1]": 0.009292929292929294, "% of values with |Z-score| in [0,1)": 0.0, "% of values with |Z-score| in [1,2)": 0.0, "% of values with |Z-score| in [2,3)": 0.0, "% of values with |Z-score| in [3, infinity)": 0.0}, "marcoge": {"marcoge_mf_1": 2.2913155555725098, "marcoge_mf_2": 0.0, "marcoge_mf_3": 0.0, "marcoge_mf_4": 1.3085968494415283, "marcoge_mf_5": 0.0, "marcoge_mf_6": 0.0, "marcoge_mf_7": 0.0, "marcoge_mf_8": 0.0, "marcoge_mf_9": 0.0, "marcoge_mf_10": 0.0, "marcoge_mf_11": 0.0, "marcoge_mf_12": 0.0, "marcoge_mf_13": 0.0, "marcoge_mf_14": 2.5970401763916016, "marcoge_mf_15": 0.015581583604216576, "marcoge_mf_16": 1.8412139415740967, "marcoge_mf_17": 0.0, "marcoge_mf_18": 0.0, "marcoge_mf_19": 2.710951805114746, "marcoge_mf_20": 1.1154804229736328, "marcoge_mf_21": 0.0, "marcoge_mf_22": 0.0, "marcoge_mf_23": 0.0, "marcoge_mf_24": 2.2185707092285156, "marcoge_mf_25": 0.0, "marcoge_mf_26": 0.280343621969223, "marcoge_mf_27": 0.0, "marcoge_mf_28": 0.0, "marcoge_mf_29": 2.096071720123291, "marcoge_mf_30": 0.05031166598200798, "marcoge_mf_31": 0.0, "marcoge_mf_32": 0.0, "marcoge_mf_33": 0.0, "marcoge_mf_34": 1.0977323055267334, "marcoge_mf_35": 0.0, "marcoge_mf_36": 0.0, "marcoge_mf_37": 0.0, "marcoge_mf_38": 1.897850513458252, "marcoge_mf_39": 0.0, "marcoge_mf_40": 0.6982870697975159, "marcoge_mf_41": 0.0, "marcoge_mf_42": 0.0, "marcoge_mf_43": 0.0, "marcoge_mf_44": 0.0, "marcoge_mf_45": 0.0, "marcoge_mf_46": 0.0, "marcoge_mf_47": 0.0, "marcoge_mf_48": 0.0, "marcoge_mf_49": 2.197312831878662, "marcoge_mf_50": 0.0, "marcoge_mf_51": 0.0, "marcoge_mf_52": 0.0, "marcoge_mf_53": 0.0, "marcoge_mf_54": 0.0, "marcoge_mf_55": 0.0, "marcoge_mf_56": 1.4424530267715454, "marcoge_mf_57": 0.0, "marcoge_mf_58": 0.0, "marcoge_mf_59": 0.0, "marcoge_mf_60": 0.0, "marcoge_mf_61": 0.0, "marcoge_mf_62": 0.0, "marcoge_mf_63": 1.350743293762207, "marcoge_mf_64": 0.0, "marcoge_mf_65": 0.0, "marcoge_mf_66": 0.7556598782539368, "marcoge_mf_67": 0.0, "marcoge_mf_68": 2.040435314178467, "marcoge_mf_69": 1.0430009365081787, "marcoge_mf_70": 0.0, "marcoge_mf_71": 0.9225142002105713, "marcoge_mf_72": 2.412393093109131, "marcoge_mf_73": 0.0, "marcoge_mf_74": 0.0, "marcoge_mf_75": 0.0, "marcoge_mf_76": 0.0, "marcoge_mf_77": 0.0, "marcoge_mf_78": 1.1905784606933594, "marcoge_mf_79": 1.9510287046432495, "marcoge_mf_80": 0.0, "marcoge_mf_81": 1.5027869939804077, "marcoge_mf_82": 0.0, "marcoge_mf_83": 1.400881052017212, "marcoge_mf_84": 0.0, "marcoge_mf_85": 0.0, "marcoge_mf_86": 0.0, "marcoge_mf_87": 0.0, "marcoge_mf_88": 0.0, "marcoge_mf_89": 0.0, "marcoge_mf_90": 0.2519586682319641, "marcoge_mf_91": 1.2346761226654053, "marcoge_mf_92": 0.0, "marcoge_mf_93": 0.0, "marcoge_mf_94": 2.111945867538452, "marcoge_mf_95": 0.31262046098709106, "marcoge_mf_96": 0.0, "marcoge_mf_97": 0.0, "marcoge_mf_98": 0.0, "marcoge_mf_99": 0.0, "marcoge_mf_100": 0.0, "marcoge_mf_101": 0.0, "marcoge_mf_102": 0.0, "marcoge_mf_103": 0.0, "marcoge_mf_104": 1.5483086109161377, "marcoge_mf_105": 2.576885461807251, "marcoge_mf_106": 2.6641623973846436, "marcoge_mf_107": 0.0, "marcoge_mf_108": 1.4333534240722656, "marcoge_mf_109": 0.9646077752113342, "marcoge_mf_110": 1.7591907978057861, "marcoge_mf_111": 0.0, "marcoge_mf_112": 0.0, "marcoge_mf_113": 0.8958239555358887, "marcoge_mf_114": 0.4431966543197632, "marcoge_mf_115": 0.0, "marcoge_mf_116": 1.173728585243225, "marcoge_mf_117": 1.1193208694458008, "marcoge_mf_118": 0.0, "marcoge_mf_119": 1.117238163948059, "marcoge_mf_120": 0.0, "marcoge_mf_121": 2.1149301528930664, "marcoge_mf_122": 0.0, "marcoge_mf_123": 1.1593950986862183, "marcoge_mf_124": 0.0, "marcoge_mf_125": 1.3627867698669434, "marcoge_mf_126": 0.0, "marcoge_mf_127": 0.07196914404630661, "marcoge_mf_128": 1.199021816253662, "marcoge_mf_129": 2.1419565677642822, "marcoge_mf_130": 1.672090768814087,