{"log2_no_instances": 6.643856189774724, "log2_no_attributes": 1.0, "log10_no_instances": 4.605170185988092, "log10_no_attributes": 0.6931471805599453, "instances_to_features": 50.0, "log_instances_to_features": 3.912023005428146, "features_to_instances": 50.0, "log_features_to_instances": 3.912023005428146, "Hopkin's statistic": null, "pct_of_discrete_attributes": 0.0, "mean_entropy_of_discrete_attributes": 0, "mean_absolute_correlation_of_continuous_attributes": 0.43686862830523, "mean_concentration_of_discrete_attributes": NaN, "pca_95_components_to_features_ratio": 1.0, "pca_first_component_skewness": 0.0, "pca_first_component_kurtosis": -2.0, "pct_of_outliers": 0.0, "pct_of_mv": 0.0, "min_skewness_of_continuous_attributes": -3.385308608908304e-16, "max_skewness_of_continuous_attributes": -2.670116424859645e-17, "mean_skewness_of_continuous_attributes": -1.8261601256971341e-16, "std_skewness_of_continuous_attributes": 1.5591484832111695e-16, "min_kurtosis_of_continuous_attributes": -3.385308608908304e-16, "max_kurtosis_of_continuous_attributes": -2.670116424859645e-17, "mean_kurtosis_of_continuous_attributes": -1.8261601256971341e-16, "std_kurtosis_of_continuous_attributes": 1.5591484832111695e-16, "t_squared_mv_normality": 0.26, "t_squared_skewness": 0.4595467005684277, "t_squared_outliers": 0.01, "meanshift_silhouette": 0.4704960134493479, "meanshift_dunn": 0.03265374006586431, "meanshift_cindex": 0.11569639121297687, "meanshift_calinski_harabasz": 132.52994631151964, "meanshift_davies_bouldin": 0.7909634848278734, "meanshift_sdbw": 0.9489641605244992, "meanshift_cdbw": null, "meanshift_tau": -1.333230315398458e-05, "meanshift_ratkowsky_lance": null, "meanshift_mcclain_rao": null, "DBSCAN_silhouette": 0.316148238855915, "DBSCAN_davies_bouldin": 1.1814187686460293, "DBSCAN_calinski_harabasz": 62.49097722872343, "OPTICS_silhouette": 0.316148238855915, "OPTICS_davies_bouldin": 1.1814187686460293, "OPTICS_calinski_harabasz": 62.49097722872343, "ferrari_distance_based": null, "correlation_based": null, "correlation_and_distance": null, "marcoge": null}