{"log2_no_instances": 6.643856189774724, "log2_no_attributes": 1.0, "log10_no_instances": 4.605170185988092, "log10_no_attributes": 0.6931471805599453, "instances_to_features": 50.0, "log_instances_to_features": 3.912023005428146, "features_to_instances": 50.0, "log_features_to_instances": 3.912023005428146, "Hopkin's statistic": null, "pct_of_discrete_attributes": 0.0, "mean_entropy_of_discrete_attributes": 0, "mean_absolute_correlation_of_continuous_attributes": 0.31916900362051376, "mean_concentration_of_discrete_attributes": NaN, "pca_95_components_to_features_ratio": 1.0, "pca_first_component_skewness": 1.7335641799652227e-16, "pca_first_component_kurtosis": -2.0, "pct_of_outliers": 0.0, "pct_of_mv": 0.0, "min_skewness_of_continuous_attributes": -0.5635917843784936, "max_skewness_of_continuous_attributes": 0.6463615905571459, "mean_skewness_of_continuous_attributes": 0.041384903089326186, "std_skewness_of_continuous_attributes": 0.6049766874678197, "min_kurtosis_of_continuous_attributes": -0.5635917843784936, "max_kurtosis_of_continuous_attributes": 0.6463615905571459, "mean_kurtosis_of_continuous_attributes": 0.041384903089326186, "std_kurtosis_of_continuous_attributes": 0.6049766874678197, "t_squared_mv_normality": 0.17, "t_squared_skewness": 0.5067259460860628, "t_squared_outliers": 0.01, "meanshift_silhouette": 0.7843085534266189, "meanshift_dunn": 0.8064559510550261, "meanshift_cindex": 0.0003341850250987436, "meanshift_calinski_harabasz": 824.471664224616, "meanshift_davies_bouldin": 0.30780012991572003, "meanshift_sdbw": 0.053790461276433686, "meanshift_cdbw": null, "meanshift_tau": 8.718849434089789e-08, "meanshift_ratkowsky_lance": null, "meanshift_mcclain_rao": null, "DBSCAN_silhouette": -0.22275251745845698, "DBSCAN_davies_bouldin": 1.1633921753141758, "DBSCAN_calinski_harabasz": 14.153847576640384, "OPTICS_silhouette": 0.3472363044402473, "OPTICS_davies_bouldin": 1.4869479800153371, "OPTICS_calinski_harabasz": 96.32559699027115, "ferrari_distance_based": null, "correlation_based": null, "correlation_and_distance": null, "marcoge": null}