{"log2_no_instances": 6.643856189774724, "log2_no_attributes": 1.0, "log10_no_instances": 4.605170185988092, "log10_no_attributes": 0.6931471805599453, "instances_to_features": 50.0, "log_instances_to_features": 3.912023005428146, "features_to_instances": 50.0, "log_features_to_instances": 3.912023005428146, "Hopkin's statistic": 0.9414546454094048, "pct_of_discrete_attributes": 0.0, "mean_entropy_of_discrete_attributes": 0, "mean_absolute_correlation_of_continuous_attributes": 0.2475743822101251, "mean_concentration_of_discrete_attributes": NaN, "pca_95_components_to_features_ratio": 1.0, "pca_first_component_skewness": 0.0, "pca_first_component_kurtosis": -2.0, "pct_of_outliers": 0.0, "pct_of_mv": 0.0, "min_skewness_of_continuous_attributes": -0.48213817229681727, "max_skewness_of_continuous_attributes": 0.2277854646594951, "mean_skewness_of_continuous_attributes": -0.1271763538186611, "std_skewness_of_continuous_attributes": 0.3549618184781562, "min_kurtosis_of_continuous_attributes": -0.48213817229681727, "max_kurtosis_of_continuous_attributes": 0.2277854646594951, "mean_kurtosis_of_continuous_attributes": -0.1271763538186611, "std_kurtosis_of_continuous_attributes": 0.3549618184781562, "t_squared_mv_normality": 0.3, "t_squared_skewness": 1.5578452296082579, "t_squared_outliers": 0.01, "meanshift_silhouette": 0.7074700404241804, "meanshift_dunn": 0.3899710685644279, "meanshift_cindex": 0.0036676694138045303, "meanshift_calinski_harabasz": 683.7057819066313, "meanshift_davies_bouldin": 0.4162904074046326, "meanshift_sdbw": 0.051815304884724855, "meanshift_cdbw": null, "meanshift_tau": -1.9418744408126464e-07, "meanshift_ratkowsky_lance": 0.5189585713602628, "meanshift_mcclain_rao": 0.20494115912066554, "DBSCAN_silhouette": -0.18487539022822141, "DBSCAN_davies_bouldin": 0.8159639898467844, "DBSCAN_calinski_harabasz": 14.763579491540902, "OPTICS_silhouette": -0.20257924040708977, "OPTICS_davies_bouldin": 1.3194774717517712, "OPTICS_calinski_harabasz": 13.743825755923787, "ferrari_distance_based": {"Mean": 6.580272881990999, "Variance": 17.8547561585565, "Standard deviation": 4.225488866220866, "Skewness": 0.25919304884022354, "Kurtosis": -1.0982928636523268, "% of values in [0, 0.1]": 0.0006060606060606061, "% of values in [0.1, 0.2]": 0.0028282828282828283, "% of values in [0.2, 0.3]": 0.0032323232323232323, "% of values in [0.3, 0.4]": 0.0048484848484848485, "% of values in [0.4, 0.5]": 0.005858585858585859, "% of values in [0.5, 0.6]": 0.007070707070707071, "% of values in [0.6, 0.7]": 0.009292929292929294, "% of values in [0.7, 0.8]": 0.008888888888888889, "% of values in [0.8, 0.9]": 0.010101010101010102, "% of values in [0.9, 1]": 0.011717171717171718, "% of values with |Z-score| in [0,1)": 0.28424242424242424, "% of values with |Z-score| in [1,2)": 0.2016161616161616, "% of values with |Z-score| in [2,3)": 0.009292929292929294, "% of values with |Z-score| in [3, infinity)": 0.0}, "correlation_based": {"Mean": -0.003636363636363634, "Variance": 0.9999867768595038, "Standard deviation": 0.9999933884078953, "Skewness": 0.007272775357351276, "Kurtosis": -1.9999471067386014, "% of values in [0, 0.1]": 0.5018181818181818, "% of values in [0.1, 0.2]": 0.0, "% of values in [0.2, 0.3]": 0.0, "% of values in [0.3, 0.4]": 0.0, "% of values in [0.4, 0.5]": 0.0, "% of values in [0.5, 0.6]": 0.0, "% of values in [0.6, 0.7]": 0.0, "% of values in [0.7, 0.8]": 0.0, "% of values in [0.8, 0.9]": 0.0, "% of values in [0.9, 1]": 0.49818181818181817, "% of values with |Z-score| in [0,1)": 0.0, "% of values with |Z-score| in [1,2)": 0.49818181818181817, "% of values with |Z-score| in [2,3)": 0.0, "% of values with |Z-score| in [3, infinity)": 0.0}, "correlation_and_distance": {"Mean": 0.41502601833999986, "Variance": 0.05763214886571699, "Standard deviation": 0.24006696746057546, "Skewness": 0.2396447928048842, "Kurtosis": -0.9939731177953375, "% of values in [0, 0.1]": 0.08787878787878788, "% of values in [0.1, 0.2]": 0.15353535353535352, "% of values in [0.2, 0.3]": 0.13575757575757577, "% of values in [0.3, 0.4]": 0.11636363636363636, "% of values in [0.4, 0.5]": 0.13797979797979798, "% of values in [0.5, 0.6]": 0.11737373737373738, "% of values in [0.6, 0.7]": 0.09353535353535354, "% of values in [0.7, 0.8]": 0.09393939393939393, "% of values in [0.8, 0.9]": 0.0503030303030303, "% of values in [0.9, 1]": 0.013333333333333334, "% of values with |Z-score| in [0,1)": 0.28505050505050505, "% of values with |Z-score| in [1,2)": 0.18343434343434342, "% of values with |Z-score| in [2,3)": 0.014545454545454545, "% of values with |Z-score| in [3, infinity)": 0.0}, "marcoge": {"marcoge_mf_1": 2.2943313121795654, "marcoge_mf_2": 0.0, "marcoge_mf_3": 0.0, "marcoge_mf_4": 1.3223916292190552, "marcoge_mf_5": 0.0, "marcoge_mf_6": 0.0, "marcoge_mf_7": 0.0, "marcoge_mf_8": 0.0, "marcoge_mf_9": 0.0, "marcoge_mf_10": 0.0, "marcoge_mf_11": 0.0, "marcoge_mf_12": 0.0, "marcoge_mf_13": 0.0, "marcoge_mf_14": 2.6207926273345947, "marcoge_mf_15": 0.023160651326179504, "marcoge_mf_16": 1.8558465242385864, "marcoge_mf_17": 0.0, "marcoge_mf_18": 0.0, "marcoge_mf_19": 2.726533889770508, "marcoge_mf_20": 1.115829348564148, "marcoge_mf_21": 0.0, "marcoge_mf_22": 0.0, "marcoge_mf_23": 0.0, "marcoge_mf_24": 2.2214531898498535, "marcoge_mf_25": 0.0, "marcoge_mf_26": 0.2773686945438385, "marcoge_mf_27": 0.0, "marcoge_mf_28": 0.0, "marcoge_mf_29": 2.1274166107177734, "marcoge_mf_30": 0.04040081053972244, "marcoge_mf_31": 0.0, "marcoge_mf_32": 0.0, "marcoge_mf_33": 0.0, "marcoge_mf_34": 1.1146841049194336, "marcoge_mf_35": 0.0, "marcoge_mf_36": 0.0, "marcoge_mf_37": 0.0, "marcoge_mf_38": 1.915642261505127, "marcoge_mf_39": 0.0, "marcoge_mf_40": 0.7083664536476135, "marcoge_mf_41": 0.0, "marcoge_mf_42": 0.0, "marcoge_mf_43": 0.0, "marcoge_mf_44": 0.0, "marcoge_mf_45": 0.0, "marcoge_mf_46": 0.0, "marcoge_mf_47": 0.0, "marcoge_mf_48": 0.0, "marcoge_mf_49": 2.222017765045166, "marcoge_mf_50": 0.0, "marcoge_mf_51": 0.0, "marcoge_mf_52": 0.0, "marcoge_mf_53": 0.0, "marcoge_mf_54": 0.0, "marcoge_mf_55": 0.0, "marcoge_mf_56": 1.4525527954101562, "marcoge_mf_57": 0.0, "marcoge_mf_58": 0.0, "marcoge_mf_59": 0.0, "marcoge_mf_60": 0.0, "marcoge_mf_61": 0.0, "marcoge_mf_62": 0.0, "marcoge_mf_63": 1.3593482971191406, "marcoge_mf_64": 0.0, "marcoge_mf_65": 0.0, "marcoge_mf_66": 0.7614448666572571, "marcoge_mf_67": 0.0, "marcoge_mf_68": 2.058943033218384, "marcoge_mf_69": 1.0549492835998535, "marcoge_mf_70": 0.0, "marcoge_mf_71": 0.9308752417564392, "marcoge_mf_72": 2.428105354309082, "marcoge_mf_73": 0.0, "marcoge_mf_74": 0.0, "marcoge_mf_75": 0.0, "marcoge_mf_76": 0.0, "marcoge_mf_77": 0.0, "marcoge_mf_78": 1.1826763153076172, "marcoge_mf_79": 1.9627487659454346, "marcoge_mf_80": 0.0, "marcoge_mf_81": 1.5123897790908813, "marcoge_mf_82": 0.0, "marcoge_mf_83": 1.413449764251709, "marcoge_mf_84": 0.0, "marcoge_mf_85": 0.0, "marcoge_mf_86": 0.0, "marcoge_mf_87": 0.0, "marcoge_mf_88": 0.0, "marcoge_mf_89": 0.0, "marcoge_mf_90": 0.2553112208843231, "marcoge_mf_91": 1.2383227348327637, "marcoge_mf_92": 0.0, "marcoge_mf_93": 0.0, "marcoge_mf_94": 2.119544744491577, "marcoge_mf_95": 0.31204861402511597, "marcoge_mf_96": 0.0, "marcoge_mf_97": 0.0, "marcoge_mf_98": 0.0, "marcoge_mf_99": 0.0, "marcoge_mf_100": 0.0, "marcoge_mf_101": 0.0, "marcoge_mf_102": 0.0, "marcoge_mf_103": 0.0, "marcoge_mf_104": 1.5576940774917603, "marcoge_mf_105": 2.5987939834594727, "marcoge_mf_106": 2.6761374473571777, "marcoge_mf_107": 0.0, "marcoge_mf_108": 1.4291023015975952, "marcoge_mf_109": 0.9621903896331787, "marcoge_mf_110": 1.7697701454162598, "marcoge_mf_111": 0.0, "marcoge_mf_112": 0.0, "marcoge_mf_113": 0.9003652930259705, "marcoge_mf_114": 0.447012335062027, "marcoge_mf_115": 0.0, "marcoge_mf_116": 1.1788356304168701, "marcoge_mf_117": 1.1110190153121948, "marcoge_mf_118": 0.0, "marcoge_mf_119": 1.1306918859481812, "marcoge_mf_120": 0.0, "marcoge_mf_121": 2.1205241680145264, "marcoge_mf_122": 0.0,