{"log2_no_instances": 6.643856189774724, "log2_no_attributes": 1.0, "log10_no_instances": 4.605170185988092, "log10_no_attributes": 0.6931471805599453, "instances_to_features": 50.0, "log_instances_to_features": 3.912023005428146, "features_to_instances": 50.0, "log_features_to_instances": 3.912023005428146, "Hopkin's statistic": 0.9406618331763336, "pct_of_discrete_attributes": 0.0, "mean_entropy_of_discrete_attributes": 0, "mean_absolute_correlation_of_continuous_attributes": 0.5152248666717695, "mean_concentration_of_discrete_attributes": NaN, "pca_95_components_to_features_ratio": 1.0, "pca_first_component_skewness": 0.0, "pca_first_component_kurtosis": -2.0, "pct_of_outliers": 0.0, "pct_of_mv": 0.0, "min_skewness_of_continuous_attributes": 0.2073131697120229, "max_skewness_of_continuous_attributes": 0.3044452118300777, "mean_skewness_of_continuous_attributes": 0.2558791907710503, "std_skewness_of_continuous_attributes": 0.04856602105902741, "min_kurtosis_of_continuous_attributes": 0.2073131697120229, "max_kurtosis_of_continuous_attributes": 0.3044452118300777, "mean_kurtosis_of_continuous_attributes": 0.2558791907710503, "std_kurtosis_of_continuous_attributes": 0.04856602105902741, "t_squared_mv_normality": 0.21, "t_squared_skewness": 0.3825565034329796, "t_squared_outliers": 0.01, "meanshift_silhouette": 0.7904126793657124, "meanshift_dunn": 0.5943203954364045, "meanshift_cindex": 0.0007711893649807427, "meanshift_calinski_harabasz": 898.8541414356935, "meanshift_davies_bouldin": 0.2843903466128526, "meanshift_sdbw": 0.052148362337902335, "meanshift_cdbw": null, "meanshift_tau": 7.76112543133401e-08, "meanshift_ratkowsky_lance": 0.5625356401736321, "meanshift_mcclain_rao": 0.17159399386652455, "DBSCAN_silhouette": -0.28156837922802563, "DBSCAN_davies_bouldin": 0.9725548361539978, "DBSCAN_calinski_harabasz": 8.903888485062208, "OPTICS_silhouette": -0.31289273722498023, "OPTICS_davies_bouldin": 1.2143432005525212, "OPTICS_calinski_harabasz": 9.744797671410254, "ferrari_distance_based": {"Mean": 7.651362185916004, "Variance": 21.57182103729612, "Standard deviation": 4.64454745236779, "Skewness": -0.11968612013892649, "Kurtosis": -1.2106761506060195, "% of values in [0, 0.1]": 0.0012121212121212121, "% of values in [0.1, 0.2]": 0.0014141414141414141, "% of values in [0.2, 0.3]": 0.0036363636363636364, "% of values in [0.3, 0.4]": 0.0034343434343434343, "% of values in [0.4, 0.5]": 0.007070707070707071, "% of values in [0.5, 0.6]": 0.007070707070707071, "% of values in [0.6, 0.7]": 0.011313131313131313, "% of values in [0.7, 0.8]": 0.010101010101010102, "% of values in [0.8, 0.9]": 0.013737373737373737, "% of values in [0.9, 1]": 0.01292929292929293, "% of values with |Z-score| in [0,1)": 0.4026262626262626, "% of values with |Z-score| in [1,2)": 0.1692929292929293, "% of values with |Z-score| in [2,3)": 0.0056565656565656566, "% of values with |Z-score| in [3, infinity)": 0.0}, "correlation_based": {"Mean": -0.009696969696969693, "Variance": 0.9999059687786958, "Standard deviation": 0.9999529832840621, "Skewness": 0.01939485127615243, "Kurtosis": -1.9996238397439758, "% of values in [0, 0.1]": 0.5048484848484849, "% of values in [0.1, 0.2]": 0.0, "% of values in [0.2, 0.3]": 0.0, "% of values in [0.3, 0.4]": 0.0, "% of values in [0.4, 0.5]": 0.0, "% of values in [0.5, 0.6]": 0.0, "% of values in [0.6, 0.7]": 0.0, "% of values in [0.7, 0.8]": 0.0, "% of values in [0.8, 0.9]": 0.0, "% of values in [0.9, 1]": 0.4951515151515152, "% of values with |Z-score| in [0,1)": 0.0, "% of values with |Z-score| in [1,2)": 0.4951515151515152, "% of values with |Z-score| in [2,3)": 0.0, "% of values with |Z-score| in [3, infinity)": 0.0}, "correlation_and_distance": {"Mean": 0.4104459791056063, "Variance": 0.05176456352751528, "Standard deviation": 0.22751827075537315, "Skewness": -0.10992641877122773, "Kurtosis": -1.1017207296858984, "% of values in [0, 0.1]": 0.11636363636363636, "% of values in [0.1, 0.2]": 0.16282828282828282, "% of values in [0.2, 0.3]": 0.056767676767676765, "% of values in [0.3, 0.4]": 0.08424242424242424, "% of values in [0.4, 0.5]": 0.17252525252525253, "% of values in [0.5, 0.6]": 0.17696969696969697, "% of values in [0.6, 0.7]": 0.13535353535353536, "% of values in [0.7, 0.8]": 0.07090909090909091, "% of values in [0.8, 0.9]": 0.020404040404040404, "% of values in [0.9, 1]": 0.0036363636363636364, "% of values with |Z-score| in [0,1)": 0.3937373737373737, "% of values with |Z-score| in [1,2)": 0.16585858585858587, "% of values with |Z-score| in [2,3)": 0.006666666666666667, "% of values with |Z-score| in [3, infinity)": 0.0}, "marcoge": {"marcoge_mf_1": 2.3236212730407715, "marcoge_mf_2": 0.0, "marcoge_mf_3": 0.0, "marcoge_mf_4": 1.338956356048584, "marcoge_mf_5": 0.0, "marcoge_mf_6": 0.0, "marcoge_mf_7": 0.0, "marcoge_mf_8": 0.0, "marcoge_mf_9": 0.0, "marcoge_mf_10": 0.0, "marcoge_mf_11": 0.0, "marcoge_mf_12": 0.0, "marcoge_mf_13": 0.0, "marcoge_mf_14": 2.646345853805542, "marcoge_mf_15": 0.021544700488448143, "marcoge_mf_16": 1.8802927732467651, "marcoge_mf_17": 0.0, "marcoge_mf_18": 0.0, "marcoge_mf_19": 2.7546167373657227, "marcoge_mf_20": 1.1478344202041626, "marcoge_mf_21": 0.0, "marcoge_mf_22": 0.0, "marcoge_mf_23": 0.0, "marcoge_mf_24": 2.248793125152588, "marcoge_mf_25": 0.0, "marcoge_mf_26": 0.28968530893325806, "marcoge_mf_27": 0.0, "marcoge_mf_28": 0.0, "marcoge_mf_29": 2.147231101989746, "marcoge_mf_30": 0.057055290788412094, "marcoge_mf_31": 0.0, "marcoge_mf_32": 0.0, "marcoge_mf_33": 0.0, "marcoge_mf_34": 1.1226658821105957, "marcoge_mf_35": 0.0, "marcoge_mf_36": 0.0, "marcoge_mf_37": 0.0, "marcoge_mf_38": 1.918100118637085, "marcoge_mf_39": 0.0, "marcoge_mf_40": 0.7105262279510498, "marcoge_mf_41": 0.0, "marcoge_mf_42": 0.0, "marcoge_mf_43": 0.0, "marcoge_mf_44": 0.0, "marcoge_mf_45": 0.0, "marcoge_mf_46": 0.0, "marcoge_mf_47": 0.0, "marcoge_mf_48": 0.0, "marcoge_mf_49": 2.244257688522339, "marcoge_mf_50": 0.0, "marcoge_mf_51": 0.0, "marcoge_mf_52": 0.0, "marcoge_mf_53": 0.0, "marcoge_mf_54": 0.0, "marcoge_mf_55": 0.0, "marcoge_mf_56": 1.4757568836212158, "marcoge_mf_57": 0.0, "marcoge_mf_58": 0.0, "marcoge_mf_59": 0.0, "marcoge_mf_60": 0.0, "marcoge_mf_61": 0.0, "marcoge_mf_62": 0.0, "marcoge_mf_63": 1.3730950355529785, "marcoge_mf_64": 0.0, "marcoge_mf_65": 0.0, "marcoge_mf_66": 0.7665767669677734, "marcoge_mf_67": 0.0, "marcoge_mf_68": 2.084764003753662, "marcoge_mf_69": 1.0681475400924683, "marcoge_mf_70": 0.0, "marcoge_mf_71": 0.9402453899383545, "marcoge_mf_72": 2.4654932022094727, "marcoge_mf_73": 0.0, "marcoge_mf_74": 0.0, "marcoge_mf_75": 0.0, "marcoge_mf_76": 0.0, "marcoge_mf_77": 0.0, "marcoge_mf_78": 1.1949000358581543, "marcoge_mf_79": 1.987820029258728, "marcoge_mf_80": 0.0, "marcoge_mf_81": 1.5291590690612793, "marcoge_mf_82": 0.0, "marcoge_mf_83": 1.4278593063354492, "marcoge_mf_84": 0.0, "marcoge_mf_85": 0.0, "marcoge_mf_86": 0.0, "marcoge_mf_87": 0.0, "marcoge_mf_88": 0.0, "marcoge_mf_89": 0.0, "marcoge_mf_90": 0.2541862428188324, "marcoge_mf_91": 1.2515020370483398, "marcoge_mf_92": 0.0, "marcoge_mf_93": 0.0, "marcoge_mf_94": 2.143176555633545, "marcoge_mf_95": 0.3020581007003784, "marcoge_mf_96": 0.0, "marcoge_mf_97": 0.0, "marcoge_mf_98": 0.0, "marcoge_mf_99": 0.0, "marcoge_mf_100": 0.0, "marcoge_mf_101": 0.0, "marcoge_mf_102": 0.0, "marcoge_mf_103": 0.0, "marcoge_mf_104": 1.5780030488967896, "marcoge_mf_105": 2.6302199363708496, "marcoge_mf_106": 2.7178409099578857, "marcoge_mf_107": 0.0, "marcoge_mf_108": 1.4487566947937012, "marcoge_mf_109": 0.9738187193870544, "marcoge_mf_110": 1.7952375411987305, "marcoge_mf_111": 0.0, "marcoge_mf_112": 0.0, "marcoge_mf_113": 0.8989952206611633, "marcoge_mf_114": 0.4458194971084595, "marcoge_mf_115": 0.0, "marcoge_mf_116": 1.196287989616394, "marcoge_mf_117": 1.119434118270874, "marcoge_mf_118": 0.0, "marcoge_mf_119": 1.1449370384216309, "marcoge_mf_120": 0.0, "marcoge_mf_121": 2.1483774185180664, "marcoge_mf_122": 0.0, "marcoge_mf_123": 1.1732268333435059,