{"log2_no_instances": 6.643856189774724, "log2_no_attributes": 1.0, "log10_no_instances": 4.605170185988092, "log10_no_attributes": 0.6931471805599453, "instances_to_features": 50.0, "log_instances_to_features": 3.912023005428146, "features_to_instances": 50.0, "log_features_to_instances": 3.912023005428146, "Hopkin's statistic": 0.9674988649321629, "pct_of_discrete_attributes": 0.0, "mean_entropy_of_discrete_attributes": 0, "mean_absolute_correlation_of_continuous_attributes": 0.16901229444607688, "mean_concentration_of_discrete_attributes": NaN, "pca_95_components_to_features_ratio": 1.0, "pca_first_component_skewness": 2.9636722956562048e-16, "pca_first_component_kurtosis": -2.0, "pct_of_outliers": 0.0, "pct_of_mv": 0.0, "min_skewness_of_continuous_attributes": 0.1725202886407075, "max_skewness_of_continuous_attributes": 0.48462397572896243, "mean_skewness_of_continuous_attributes": 0.32857213218483494, "std_skewness_of_continuous_attributes": 0.15605184354412746, "min_kurtosis_of_continuous_attributes": 0.1725202886407075, "max_kurtosis_of_continuous_attributes": 0.48462397572896243, "mean_kurtosis_of_continuous_attributes": 0.32857213218483494, "std_kurtosis_of_continuous_attributes": 0.15605184354412746, "t_squared_mv_normality": 0.19, "t_squared_skewness": 0.35583940878123127, "t_squared_outliers": 0.01, "meanshift_silhouette": 0.8188336807542577, "meanshift_dunn": 1.1409435524453568, "meanshift_cindex": -1.0654526298776308e-16, "meanshift_calinski_harabasz": 953.6848464402495, "meanshift_davies_bouldin": 0.2647554754393438, "meanshift_sdbw": 0.04757696250910863, "meanshift_cdbw": null, "meanshift_tau": 0.00010101010101010101, "meanshift_ratkowsky_lance": 0.5625106153673067, "meanshift_mcclain_rao": 0.16431153427203204, "DBSCAN_silhouette": -0.1718329240388634, "DBSCAN_davies_bouldin": 1.2632113076939515, "DBSCAN_calinski_harabasz": 13.165373097624789, "OPTICS_silhouette": 0.26282066587553954, "OPTICS_davies_bouldin": 1.2333518426540981, "OPTICS_calinski_harabasz": 45.293895301707984, "ferrari_distance_based": {"Mean": 7.932801286125442, "Variance": 20.557799640062132, "Standard deviation": 4.534070978719029, "Skewness": -0.4841008690885538, "Kurtosis": -1.333625916951986, "% of values in [0, 0.1]": 0.0006060606060606061, "% of values in [0.1, 0.2]": 0.0028282828282828283, "% of values in [0.2, 0.3]": 0.004242424242424243, "% of values in [0.3, 0.4]": 0.005858585858585859, "% of values in [0.4, 0.5]": 0.006262626262626263, "% of values in [0.5, 0.6]": 0.010101010101010102, "% of values in [0.6, 0.7]": 0.010101010101010102, "% of values in [0.7, 0.8]": 0.010303030303030303, "% of values in [0.8, 0.9]": 0.012323232323232323, "% of values in [0.9, 1]": 0.010303030303030303, "% of values with |Z-score| in [0,1)": 0.5222222222222223, "% of values with |Z-score| in [1,2)": 0.12363636363636364, "% of values with |Z-score| in [2,3)": 0.0, "% of values with |Z-score| in [3, infinity)": 0.0}, "correlation_based": {"Mean": NaN, "Variance": NaN, "Standard deviation": NaN, "Skewness": NaN, "Kurtosis": NaN, "% of values in [0, 0.1]": 0.48323232323232324, "% of values in [0.1, 0.2]": 0.0, "% of values in [0.2, 0.3]": 0.0, "% of values in [0.3, 0.4]": 0.0, "% of values in [0.4, 0.5]": 0.0, "% of values in [0.5, 0.6]": 0.0, "% of values in [0.6, 0.7]": 0.0, "% of values in [0.7, 0.8]": 0.0, "% of values in [0.8, 0.9]": 0.0, "% of values in [0.9, 1]": 0.476969696969697, "% of values with |Z-score| in [0,1)": 0.0, "% of values with |Z-score| in [1,2)": 0.0, "% of values with |Z-score| in [2,3)": 0.0, "% of values with |Z-score| in [3, infinity)": 0.0}, "correlation_and_distance": {"Mean": NaN, "Variance": NaN, "Standard deviation": NaN, "Skewness": NaN, "Kurtosis": NaN, "% of values in [0, 0.1]": 0.09171717171717171, "% of values in [0.1, 0.2]": 0.13595959595959595, "% of values in [0.2, 0.3]": 0.07939393939393939, "% of values in [0.3, 0.4]": 0.009292929292929294, "% of values in [0.4, 0.5]": 0.052121212121212124, "% of values in [0.5, 0.6]": 0.15696969696969698, "% of values in [0.6, 0.7]": 0.2204040404040404, "% of values in [0.7, 0.8]": 0.15777777777777777, "% of values in [0.8, 0.9]": 0.05070707070707071, "% of values in [0.9, 1]": 0.005858585858585859, "% of values with |Z-score| in [0,1)": 0.0, "% of values with |Z-score| in [1,2)": 0.0, "% of values with |Z-score| in [2,3)": 0.0, "% of values with |Z-score| in [3, infinity)": 0.0}, "marcoge": {"marcoge_mf_1": 2.289182662963867, "marcoge_mf_2": 0.0, "marcoge_mf_3": 0.0, "marcoge_mf_4": 1.3030204772949219, "marcoge_mf_5": 0.0, "marcoge_mf_6": 0.0, "marcoge_mf_7": 0.0, "marcoge_mf_8": 0.0, "marcoge_mf_9": 0.0, "marcoge_mf_10": 0.0, "marcoge_mf_11": 0.0, "marcoge_mf_12": 0.0, "marcoge_mf_13": 0.0, "marcoge_mf_14": 2.5999960899353027, "marcoge_mf_15": 0.01837684027850628, "marcoge_mf_16": 1.8488414287567139, "marcoge_mf_17": 0.0, "marcoge_mf_18": 0.0, "marcoge_mf_19": 2.7166616916656494, "marcoge_mf_20": 1.1245675086975098, "marcoge_mf_21": 0.0, "marcoge_mf_22": 0.0, "marcoge_mf_23": 0.0, "marcoge_mf_24": 2.2185354232788086, "marcoge_mf_25": 0.0, "marcoge_mf_26": 0.2820037305355072, "marcoge_mf_27": 0.0, "marcoge_mf_28": 0.0, "marcoge_mf_29": 2.107177972793579, "marcoge_mf_30": 0.052692681550979614, "marcoge_mf_31": 0.0, "marcoge_mf_32": 0.0, "marcoge_mf_33": 0.0, "marcoge_mf_34": 1.0967634916305542, "marcoge_mf_35": 0.0, "marcoge_mf_36": 0.0, "marcoge_mf_37": 0.0, "marcoge_mf_38": 1.8936883211135864, "marcoge_mf_39": 0.0, "marcoge_mf_40": 0.7100321054458618, "marcoge_mf_41": 0.0, "marcoge_mf_42": 0.0, "marcoge_mf_43": 0.0, "marcoge_mf_44": 0.0, "marcoge_mf_45": 0.0, "marcoge_mf_46": 0.0, "marcoge_mf_47": 0.0, "marcoge_mf_48": 0.0, "marcoge_mf_49": 2.204962968826294, "marcoge_mf_50": 0.0, "marcoge_mf_51": 0.0, "marcoge_mf_52": 0.0, "marcoge_mf_53": 0.0, "marcoge_mf_54": 0.0, "marcoge_mf_55": 0.0, "marcoge_mf_56": 1.4513523578643799, "marcoge_mf_57": 0.0, "marcoge_mf_58": 0.0, "marcoge_mf_59": 0.0, "marcoge_mf_60": 0.0, "marcoge_mf_61": 0.0, "marcoge_mf_62": 0.0, "marcoge_mf_63": 1.3576525449752808, "marcoge_mf_64": 0.0, "marcoge_mf_65": 0.0, "marcoge_mf_66": 0.7422193884849548, "marcoge_mf_67": 0.0, "marcoge_mf_68": 2.041680097579956, "marcoge_mf_69": 1.0405439138412476, "marcoge_mf_70": 0.0, "marcoge_mf_71": 0.9291229844093323, "marcoge_mf_72": 2.4183173179626465, "marcoge_mf_73": 0.0, "marcoge_mf_74": 0.0, "marcoge_mf_75": 0.0, "marcoge_mf_76": 0.0, "marcoge_mf_77": 0.0, "marcoge_mf_78": 1.178375005722046, "marcoge_mf_79": 1.961103916168213, "marcoge_mf_80": 0.0, "marcoge_mf_81": 1.5161105394363403, "marcoge_mf_82": 0.0, "marcoge_mf_83": 1.405711054801941, "marcoge_mf_84": 0.0, "marcoge_mf_85": 0.0, "marcoge_mf_86": 0.0, "marcoge_mf_87": 0.0, "marcoge_mf_88": 0.0, "marcoge_mf_89": 0.0, "marcoge_mf_90": 0.24952085316181183, "marcoge_mf_91": 1.2359262704849243, "marcoge_mf_92": 0.0, "marcoge_mf_93": 0.0, "marcoge_mf_94": 2.1265652179718018, "marcoge_mf_95": 0.3102782964706421, "marcoge_mf_96": 0.0, "marcoge_mf_97": 0.0, "marcoge_mf_98": 0.0, "marcoge_mf_99": 0.0, "marcoge_mf_100": 0.0, "marcoge_mf_101": 0.0, "marcoge_mf_102": 0.0, "marcoge_mf_103": 0.0, "marcoge_mf_104": 1.5462586879730225, "marcoge_mf_105": 2.5871589183807373, "marcoge_mf_106": 2.6750190258026123, "marcoge_mf_107": 0.0, "marcoge_mf_108": 1.4324325323104858, "marcoge_mf_109": 0.9599108695983887, "marcoge_mf_110": 1.7646163702011108, "marcoge_mf_111": 0.0, "marcoge_mf_112": 0.0, "marcoge_mf_113": 0.8930410742759705, "marcoge_mf_114": 0.4454248547554016, "marcoge_mf_115": 0.0, "marcoge_mf_116": 1.178046703338623, "marcoge_mf_117": 1.1078933477401733, "marcoge_mf_118": 0.0, "marcoge_mf_119": 1.1214760541915894, "marcoge_mf_120": 0.0, "marcoge_mf_121": 2.118459463119507, "marcoge_mf_122": 0.0, "marcoge_mf_123": 1.1610320806503296, "marcoge_mf_124": 0.0, "marcoge_mf_125": 1.3713040351867676, "marcoge_mf_126": 0.0, "marcoge_mf_127": 0.07788422703742981, "marcoge_mf_128": 1.207842469215393, "marcoge_mf_129": 2.1433653831481934,