{"log2_no_instances": 6.643856189774724, "log2_no_attributes": 1.0, "log10_no_instances": 4.605170185988092, "log10_no_attributes": 0.6931471805599453, "instances_to_features": 50.0, "log_instances_to_features": 3.912023005428146, "features_to_instances": 50.0, "log_features_to_instances": 3.912023005428146, "Hopkin's statistic": 0.9614325470281706, "pct_of_discrete_attributes": 0.0, "mean_entropy_of_discrete_attributes": 0, "mean_absolute_correlation_of_continuous_attributes": 0.044255377746221215, "mean_concentration_of_discrete_attributes": NaN, "pca_95_components_to_features_ratio": 1.0, "pca_first_component_skewness": 0.0, "pca_first_component_kurtosis": -2.0, "pct_of_outliers": 0.0, "pct_of_mv": 0.0, "min_skewness_of_continuous_attributes": -0.6327447297327996, "max_skewness_of_continuous_attributes": -0.28666559382874873, "mean_skewness_of_continuous_attributes": -0.45970516178077414, "std_skewness_of_continuous_attributes": 0.17303956795202544, "min_kurtosis_of_continuous_attributes": -0.6327447297327996, "max_kurtosis_of_continuous_attributes": -0.28666559382874873, "mean_kurtosis_of_continuous_attributes": -0.45970516178077414, "std_kurtosis_of_continuous_attributes": 0.17303956795202544, "t_squared_mv_normality": 0.22, "t_squared_skewness": 0.24945787026887298, "t_squared_outliers": 0.01, "meanshift_silhouette": 0.7927773682283871, "meanshift_dunn": 0.48539874388363896, "meanshift_cindex": 0.0007713949022005032, "meanshift_calinski_harabasz": 1175.2242279267261, "meanshift_davies_bouldin": 0.2864804936560148, "meanshift_sdbw": 0.034179181686496946, "meanshift_cdbw": null, "meanshift_tau": 7.107024302250319e-08, "meanshift_ratkowsky_lance": 0.5585014266194941, "meanshift_mcclain_rao": 0.15366631384285936, "DBSCAN_silhouette": -0.2484078760394806, "DBSCAN_davies_bouldin": 1.0482557802851953, "DBSCAN_calinski_harabasz": 9.15826397368691, "OPTICS_silhouette": -0.14331341239660536, "OPTICS_davies_bouldin": 1.0542256147531277, "OPTICS_calinski_harabasz": 17.15897619351221, "ferrari_distance_based": {"Mean": 8.807411980581664, "Variance": 31.66966147854626, "Standard deviation": 5.627580428438696, "Skewness": -0.10389875519869166, "Kurtosis": -1.4743242272657642, "% of values in [0, 0.1]": 0.00020202020202020202, "% of values in [0.1, 0.2]": 0.00202020202020202, "% of values in [0.2, 0.3]": 0.00404040404040404, "% of values in [0.3, 0.4]": 0.005858585858585859, "% of values in [0.4, 0.5]": 0.0056565656565656566, "% of values in [0.5, 0.6]": 0.007676767676767677, "% of values in [0.6, 0.7]": 0.008888888888888889, "% of values in [0.7, 0.8]": 0.009494949494949495, "% of values in [0.8, 0.9]": 0.008282828282828282, "% of values in [0.9, 1]": 0.010303030303030303, "% of values with |Z-score| in [0,1)": 0.3022222222222222, "% of values with |Z-score| in [1,2)": 0.21232323232323233, "% of values with |Z-score| in [2,3)": 0.0, "% of values with |Z-score| in [3, infinity)": 0.0}, "correlation_based": {"Mean": -0.006464646464646462, "Variance": 0.999958208346087, "Standard deviation": 0.9999791039547211, "Skewness": 0.012929563106028968, "Kurtosis": -1.9998328263978875, "% of values in [0, 0.1]": 0.5032323232323233, "% of values in [0.1, 0.2]": 0.0, "% of values in [0.2, 0.3]": 0.0, "% of values in [0.3, 0.4]": 0.0, "% of values in [0.4, 0.5]": 0.0, "% of values in [0.5, 0.6]": 0.0, "% of values in [0.6, 0.7]": 0.0, "% of values in [0.7, 0.8]": 0.0, "% of values in [0.8, 0.9]": 0.0, "% of values in [0.9, 1]": 0.49676767676767675, "% of values with |Z-score| in [0,1)": 0.0, "% of values with |Z-score| in [1,2)": 0.49676767676767675, "% of values with |Z-score| in [2,3)": 0.0, "% of values with |Z-score| in [3, infinity)": 0.0}, "correlation_and_distance": {"Mean": 0.45120057970721916, "Variance": 0.07052418298854422, "Standard deviation": 0.26556389624447113, "Skewness": -0.09771733152699692, "Kurtosis": -1.3788659823421368, "% of values in [0, 0.1]": 0.11151515151515151, "% of values in [0.1, 0.2]": 0.1705050505050505, "% of values in [0.2, 0.3]": 0.06424242424242424, "% of values in [0.3, 0.4]": 0.07858585858585859, "% of values in [0.4, 0.5]": 0.0997979797979798, "% of values in [0.5, 0.6]": 0.08848484848484849, "% of values in [0.6, 0.7]": 0.15252525252525254, "% of values in [0.7, 0.8]": 0.15636363636363637, "% of values in [0.8, 0.9]": 0.06767676767676768, "% of values in [0.9, 1]": 0.010303030303030303, "% of values with |Z-score| in [0,1)": 0.3206060606060606, "% of values with |Z-score| in [1,2)": 0.20303030303030303, "% of values with |Z-score| in [2,3)": 0.0006060606060606061, "% of values with |Z-score| in [3, infinity)": 0.0}, "marcoge": {"marcoge_mf_1": 2.2873103618621826, "marcoge_mf_2": 0.0, "marcoge_mf_3": 0.0, "marcoge_mf_4": 1.312545895576477, "marcoge_mf_5": 0.0, "marcoge_mf_6": 0.0, "marcoge_mf_7": 0.0, "marcoge_mf_8": 0.0, "marcoge_mf_9": 0.0, "marcoge_mf_10": 0.0, "marcoge_mf_11": 0.0, "marcoge_mf_12": 0.0, "marcoge_mf_13": 0.0, "marcoge_mf_14": 2.6117963790893555, "marcoge_mf_15": 0.022360676899552345, "marcoge_mf_16": 1.8537628650665283, "marcoge_mf_17": 0.0, "marcoge_mf_18": 0.0, "marcoge_mf_19": 2.7190299034118652, "marcoge_mf_20": 1.1164144277572632, "marcoge_mf_21": 0.0, "marcoge_mf_22": 0.0, "marcoge_mf_23": 0.0, "marcoge_mf_24": 2.213679552078247, "marcoge_mf_25": 0.0, "marcoge_mf_26": 0.27958789467811584, "marcoge_mf_27": 0.0, "marcoge_mf_28": 0.0, "marcoge_mf_29": 2.125358819961548, "marcoge_mf_30": 0.05252883583307266, "marcoge_mf_31": 0.0, "marcoge_mf_32": 0.0, "marcoge_mf_33": 0.0, "marcoge_mf_34": 1.1012769937515259, "marcoge_mf_35": 0.0, "marcoge_mf_36": 0.0, "marcoge_mf_37": 0.0, "marcoge_mf_38": 1.8999117612838745, "marcoge_mf_39": 0.0, "marcoge_mf_40": 0.7136116623878479, "marcoge_mf_41": 0.0, "marcoge_mf_42": 0.0, "marcoge_mf_43": 0.0, "marcoge_mf_44": 0.0, "marcoge_mf_45": 0.0, "marcoge_mf_46": 0.0, "marcoge_mf_47": 0.0, "marcoge_mf_48": 0.0, "marcoge_mf_49": 2.206493616104126, "marcoge_mf_50": 0.0, "marcoge_mf_51": 0.0, "marcoge_mf_52": 0.0, "marcoge_mf_53": 0.0, "marcoge_mf_54": 0.0, "marcoge_mf_55": 0.0, "marcoge_mf_56": 1.4431930780410767, "marcoge_mf_57": 0.0, "marcoge_mf_58": 0.0, "marcoge_mf_59": 0.0, "marcoge_mf_60": 0.0, "marcoge_mf_61": 0.0, "marcoge_mf_62": 0.0, "marcoge_mf_63": 1.3565216064453125, "marcoge_mf_64": 0.0, "marcoge_mf_65": 0.0, "marcoge_mf_66": 0.7478557825088501, "marcoge_mf_67": 0.0, "marcoge_mf_68": 2.045464038848877, "marcoge_mf_69": 1.052292823791504, "marcoge_mf_70": 0.0, "marcoge_mf_71": 0.9328991174697876, "marcoge_mf_72": 2.4225575923919678, "marcoge_mf_73": 0.0, "marcoge_mf_74": 0.0, "marcoge_mf_75": 0.0, "marcoge_mf_76": 0.0, "marcoge_mf_77": 0.0, "marcoge_mf_78": 1.1750311851501465, "marcoge_mf_79": 1.9567430019378662, "marcoge_mf_80": 0.0, "marcoge_mf_81": 1.5123728513717651, "marcoge_mf_82": 0.0, "marcoge_mf_83": 1.4019392728805542, "marcoge_mf_84": 0.0, "marcoge_mf_85": 0.0, "marcoge_mf_86": 0.0, "marcoge_mf_87": 0.0, "marcoge_mf_88": 0.0, "marcoge_mf_89": 0.0, "marcoge_mf_90": 0.25270959734916687, "marcoge_mf_91": 1.2357734441757202, "marcoge_mf_92": 0.0, "marcoge_mf_93": 0.0, "marcoge_mf_94": 2.111335277557373, "marcoge_mf_95": 0.3013775646686554, "marcoge_mf_96": 0.0, "marcoge_mf_97": 0.0, "marcoge_mf_98": 0.0, "marcoge_mf_99": 0.0, "marcoge_mf_100": 0.0, "marcoge_mf_101": 0.0, "marcoge_mf_102": 0.0, "marcoge_mf_103": 0.0, "marcoge_mf_104": 1.5476795434951782, "marcoge_mf_105": 2.5919835567474365, "marcoge_mf_106": 2.6766629219055176, "marcoge_mf_107": 0.0, "marcoge_mf_108": 1.4386249780654907, "marcoge_mf_109": 0.9714349508285522, "marcoge_mf_110": 1.7719861268997192, "marcoge_mf_111": 0.0, "marcoge_mf_112": 0.0, "marcoge_mf_113": 0.893532931804657, "marcoge_mf_114": 0.4403945803642273, "marcoge_mf_115": 0.0, "marcoge_mf_116": 1.1754578351974487, "marcoge_mf_117": 1.1036947965621948, "marcoge_mf_118": 0.0, "marcoge_mf_119": 1.1247810125350952, "marcoge_mf_120": 0.0, "marcoge_mf_121": 2.1184279918670654, "marcoge_mf_122": 0.0, "marcoge_mf_123": 1.159562349319458,