{"log2_no_instances": 6.643856189774724, "log2_no_attributes": 1.0, "log10_no_instances": 4.605170185988092, "log10_no_attributes": 0.6931471805599453, "instances_to_features": 50.0, "log_instances_to_features": 3.912023005428146, "features_to_instances": 50.0, "log_features_to_instances": 3.912023005428146, "Hopkin's statistic": 0.9882379166173809, "pct_of_discrete_attributes": 0.0, "mean_entropy_of_discrete_attributes": 0, "mean_absolute_correlation_of_continuous_attributes": 0.7298828137744333, "mean_concentration_of_discrete_attributes": NaN, "pca_95_components_to_features_ratio": 1.0, "pca_first_component_skewness": -2.8173195693630917e-16, "pca_first_component_kurtosis": -2.0, "pct_of_outliers": 0.0, "pct_of_mv": 0.0, "min_skewness_of_continuous_attributes": -0.4304230981774054, "max_skewness_of_continuous_attributes": 0.22069932740734138, "mean_skewness_of_continuous_attributes": -0.10486188538503202, "std_skewness_of_continuous_attributes": 0.3255612127923734, "min_kurtosis_of_continuous_attributes": -0.4304230981774054, "max_kurtosis_of_continuous_attributes": 0.22069932740734138, "mean_kurtosis_of_continuous_attributes": -0.10486188538503202, "std_kurtosis_of_continuous_attributes": 0.3255612127923734, "t_squared_mv_normality": 0.19, "t_squared_skewness": 1.2317023987259155, "t_squared_outliers": 0.01, "meanshift_silhouette": 0.6823640162570617, "meanshift_dunn": 0.5564677900874787, "meanshift_cindex": 0.001122722265888372, "meanshift_calinski_harabasz": 935.4079008442756, "meanshift_davies_bouldin": 0.32720050851176796, "meanshift_sdbw": 0.02254884463682085, "meanshift_cdbw": null, "meanshift_tau": 3.232838365325792e-08, "meanshift_ratkowsky_lance": 0.4892121426533992, "meanshift_mcclain_rao": 0.14546368154853934, "DBSCAN_silhouette": -0.13279185193470344, "DBSCAN_davies_bouldin": 1.7645941995395535, "DBSCAN_calinski_harabasz": 23.380502783505698, "OPTICS_silhouette": 0.02533888955519741, "OPTICS_davies_bouldin": 1.055914526307858, "OPTICS_calinski_harabasz": 25.39071733401016, "ferrari_distance_based": {"Mean": 8.475477230831878, "Variance": 33.87741563436834, "Standard deviation": 5.820430880473398, "Skewness": 0.12536616470422218, "Kurtosis": -1.4051613576930788, "% of values in [0, 0.1]": 0.0008080808080808081, "% of values in [0.1, 0.2]": 0.0028282828282828283, "% of values in [0.2, 0.3]": 0.0044444444444444444, "% of values in [0.3, 0.4]": 0.005858585858585859, "% of values in [0.4, 0.5]": 0.007070707070707071, "% of values in [0.5, 0.6]": 0.009696969696969697, "% of values in [0.6, 0.7]": 0.009494949494949495, "% of values in [0.7, 0.8]": 0.009898989898989899, "% of values in [0.8, 0.9]": 0.013131313131313131, "% of values in [0.9, 1]": 0.009292929292929294, "% of values with |Z-score| in [0,1)": 0.2509090909090909, "% of values with |Z-score| in [1,2)": 0.21797979797979797, "% of values with |Z-score| in [2,3)": 0.0030303030303030303, "% of values with |Z-score| in [3, infinity)": 0.0}, "correlation_based": {"Mean": NaN, "Variance": NaN, "Standard deviation": NaN, "Skewness": NaN, "Kurtosis": NaN, "% of values in [0, 0.1]": 0.49454545454545457, "% of values in [0.1, 0.2]": 0.0, "% of values in [0.2, 0.3]": 0.0, "% of values in [0.3, 0.4]": 0.0, "% of values in [0.4, 0.5]": 0.0, "% of values in [0.5, 0.6]": 0.0, "% of values in [0.6, 0.7]": 0.0, "% of values in [0.7, 0.8]": 0.0, "% of values in [0.8, 0.9]": 0.0, "% of values in [0.9, 1]": 0.48545454545454547, "% of values with |Z-score| in [0,1)": 0.0, "% of values with |Z-score| in [1,2)": 0.0, "% of values with |Z-score| in [2,3)": 0.0, "% of values with |Z-score| in [3, infinity)": 0.0}, "correlation_and_distance": {"Mean": NaN, "Variance": NaN, "Standard deviation": NaN, "Skewness": NaN, "Kurtosis": NaN, "% of values in [0, 0.1]": 0.13131313131313133, "% of values in [0.1, 0.2]": 0.1705050505050505, "% of values in [0.2, 0.3]": 0.09171717171717171, "% of values in [0.3, 0.4]": 0.10868686868686869, "% of values in [0.4, 0.5]": 0.07313131313131313, "% of values in [0.5, 0.6]": 0.1101010101010101, "% of values in [0.6, 0.7]": 0.1319191919191919, "% of values in [0.7, 0.8]": 0.11515151515151516, "% of values in [0.8, 0.9]": 0.044444444444444446, "% of values in [0.9, 1]": 0.0030303030303030303, "% of values with |Z-score| in [0,1)": 0.0, "% of values with |Z-score| in [1,2)": 0.0, "% of values with |Z-score| in [2,3)": 0.0, "% of values with |Z-score| in [3, infinity)": 0.0}, "marcoge": {"marcoge_mf_1": 2.277390480041504, "marcoge_mf_2": 0.0, "marcoge_mf_3": 0.0, "marcoge_mf_4": 1.3033888339996338, "marcoge_mf_5": 0.0, "marcoge_mf_6": 0.0, "marcoge_mf_7": 0.0, "marcoge_mf_8": 0.0, "marcoge_mf_9": 0.0, "marcoge_mf_10": 0.0, "marcoge_mf_11": 0.0, "marcoge_mf_12": 0.0, "marcoge_mf_13": 0.0, "marcoge_mf_14": 2.5930614471435547, "marcoge_mf_15": 0.021459653973579407, "marcoge_mf_16": 1.836032748222351, "marcoge_mf_17": 0.0, "marcoge_mf_18": 0.0, "marcoge_mf_19": 2.702291250228882, "marcoge_mf_20": 1.1143195629119873, "marcoge_mf_21": 0.0, "marcoge_mf_22": 0.0, "marcoge_mf_23": 0.0, "marcoge_mf_24": 2.211514949798584, "marcoge_mf_25": 0.0, "marcoge_mf_26": 0.27648329734802246, "marcoge_mf_27": 0.0, "marcoge_mf_28": 0.0, "marcoge_mf_29": 2.093348503112793, "marcoge_mf_30": 0.043178997933864594, "marcoge_mf_31": 0.0, "marcoge_mf_32": 0.0, "marcoge_mf_33": 0.0, "marcoge_mf_34": 1.0991158485412598, "marcoge_mf_35": 0.0, "marcoge_mf_36": 0.0, "marcoge_mf_37": 0.0, "marcoge_mf_38": 1.8907357454299927, "marcoge_mf_39": 0.0, "marcoge_mf_40": 0.7014734745025635, "marcoge_mf_41": 0.0, "marcoge_mf_42": 0.0, "marcoge_mf_43": 0.0, "marcoge_mf_44": 0.0, "marcoge_mf_45": 0.0, "marcoge_mf_46": 0.0, "marcoge_mf_47": 0.0, "marcoge_mf_48": 0.0, "marcoge_mf_49": 2.1951608657836914, "marcoge_mf_50": 0.0, "marcoge_mf_51": 0.0, "marcoge_mf_52": 0.0, "marcoge_mf_53": 0.0, "marcoge_mf_54": 0.0, "marcoge_mf_55": 0.0, "marcoge_mf_56": 1.4453604221343994, "marcoge_mf_57": 0.0, "marcoge_mf_58": 0.0, "marcoge_mf_59": 0.0, "marcoge_mf_60": 0.0, "marcoge_mf_61": 0.0, "marcoge_mf_62": 0.0, "marcoge_mf_63": 1.3497881889343262, "marcoge_mf_64": 0.0, "marcoge_mf_65": 0.0, "marcoge_mf_66": 0.7465289831161499, "marcoge_mf_67": 0.0, "marcoge_mf_68": 2.029717206954956, "marcoge_mf_69": 1.0461630821228027, "marcoge_mf_70": 0.0, "marcoge_mf_71": 0.9251644015312195, "marcoge_mf_72": 2.4043262004852295, "marcoge_mf_73": 0.0, "marcoge_mf_74": 0.0, "marcoge_mf_75": 0.0, "marcoge_mf_76": 0.0, "marcoge_mf_77": 0.0, "marcoge_mf_78": 1.1873630285263062, "marcoge_mf_79": 1.9475840330123901, "marcoge_mf_80": 0.0, "marcoge_mf_81": 1.4953761100769043, "marcoge_mf_82": 0.0, "marcoge_mf_83": 1.3987005949020386, "marcoge_mf_84": 0.0, "marcoge_mf_85": 0.0, "marcoge_mf_86": 0.0, "marcoge_mf_87": 0.0, "marcoge_mf_88": 0.0, "marcoge_mf_89": 0.0, "marcoge_mf_90": 0.24856480956077576, "marcoge_mf_91": 1.2283042669296265, "marcoge_mf_92": 0.0, "marcoge_mf_93": 0.0, "marcoge_mf_94": 2.1118335723876953, "marcoge_mf_95": 0.30700182914733887, "marcoge_mf_96": 0.0, "marcoge_mf_97": 0.0, "marcoge_mf_98": 0.0, "marcoge_mf_99": 0.0, "marcoge_mf_100": 0.0, "marcoge_mf_101": 0.0, "marcoge_mf_102": 0.0, "marcoge_mf_103": 0.0, "marcoge_mf_104": 1.5450680255889893, "marcoge_mf_105": 2.577789545059204, "marcoge_mf_106": 2.6558117866516113, "marcoge_mf_107": 0.0, "marcoge_mf_108": 1.4199527502059937, "marcoge_mf_109": 0.9617199897766113, "marcoge_mf_110": 1.7528998851776123, "marcoge_mf_111": 0.0, "marcoge_mf_112": 0.0, "marcoge_mf_113": 0.8879441618919373, "marcoge_mf_114": 0.4366249740123749, "marcoge_mf_115": 0.0, "marcoge_mf_116": 1.1700750589370728, "marcoge_mf_117": 1.0963226556777954, "marcoge_mf_118": 0.0, "marcoge_mf_119": 1.1162056922912598, "marcoge_mf_120": 0.0, "marcoge_mf_121": 2.1101932525634766, "marcoge_mf_122": 0.0, "marcoge_mf_123": 1.156318187713623, "marcoge_mf_124": 0.0, "marcoge_mf_125": 1.3585821390151978, "marcoge_mf_126": 0.0, "marcoge_mf_127": 0.07067812234163284, "marcoge_mf_128": 1.2050590515136719,