{"log2_no_instances": 6.643856189774724, "log2_no_attributes": 1.0, "log10_no_instances": 4.605170185988092, "log10_no_attributes": 0.6931471805599453, "instances_to_features": 50.0, "log_instances_to_features": 3.912023005428146, "features_to_instances": 50.0, "log_features_to_instances": 3.912023005428146, "Hopkin's statistic": 0.929701871070862, "pct_of_discrete_attributes": 0.0, "mean_entropy_of_discrete_attributes": 0, "mean_absolute_correlation_of_continuous_attributes": 0.8938691645785806, "mean_concentration_of_discrete_attributes": NaN, "pca_95_components_to_features_ratio": 0.5, "pca_first_component_skewness": 0.0, "pca_first_component_kurtosis": -2.0, "pct_of_outliers": 0.0, "pct_of_mv": 0.0, "min_skewness_of_continuous_attributes": 0.082524413201873, "max_skewness_of_continuous_attributes": 0.4100805170191776, "mean_skewness_of_continuous_attributes": 0.24630246511052528, "std_skewness_of_continuous_attributes": 0.1637780519086523, "min_kurtosis_of_continuous_attributes": 0.082524413201873, "max_kurtosis_of_continuous_attributes": 0.4100805170191776, "mean_kurtosis_of_continuous_attributes": 0.24630246511052528, "std_kurtosis_of_continuous_attributes": 0.1637780519086523, "t_squared_mv_normality": 0.36, "t_squared_skewness": 1.643949497211233, "t_squared_outliers": 0.01, "meanshift_silhouette": 0.7534947922559518, "meanshift_dunn": 0.6149407822215979, "meanshift_cindex": 0.0034587766475045463, "meanshift_calinski_harabasz": 556.4968972192171, "meanshift_davies_bouldin": 0.3154697101558539, "meanshift_sdbw": 0.11073052341743994, "meanshift_cdbw": null, "meanshift_tau": -1.1203449492693834e-07, "meanshift_ratkowsky_lance": 0.6297577006021418, "meanshift_mcclain_rao": 0.25386033038152844, "DBSCAN_silhouette": -0.24791504092165298, "DBSCAN_davies_bouldin": 1.7098545518217596, "DBSCAN_calinski_harabasz": 10.004776025884373, "OPTICS_silhouette": -0.08129408423960915, "OPTICS_davies_bouldin": 1.0556730041497033, "OPTICS_calinski_harabasz": 39.120345081580844, "ferrari_distance_based": {"Mean": 7.061996678961498, "Variance": 24.586518639264455, "Standard deviation": 4.958479468472614, "Skewness": 0.31775181177843725, "Kurtosis": -1.2948538604275932, "% of values in [0, 0.1]": 0.0016161616161616162, "% of values in [0.1, 0.2]": 0.00101010101010101, "% of values in [0.2, 0.3]": 0.0026262626262626263, "% of values in [0.3, 0.4]": 0.006868686868686869, "% of values in [0.4, 0.5]": 0.005858585858585859, "% of values in [0.5, 0.6]": 0.007676767676767677, "% of values in [0.6, 0.7]": 0.012121212121212121, "% of values in [0.7, 0.8]": 0.011313131313131313, "% of values in [0.8, 0.9]": 0.011515151515151515, "% of values in [0.9, 1]": 0.015151515151515152, "% of values with |Z-score| in [0,1)": 0.23434343434343435, "% of values with |Z-score| in [1,2)": 0.21878787878787878, "% of values with |Z-score| in [2,3)": 0.0036363636363636364, "% of values with |Z-score| in [3, infinity)": 0.0}, "correlation_based": {"Mean": NaN, "Variance": NaN, "Standard deviation": NaN, "Skewness": NaN, "Kurtosis": NaN, "% of values in [0, 0.1]": 0.48323232323232324, "% of values in [0.1, 0.2]": 0.0, "% of values in [0.2, 0.3]": 0.0, "% of values in [0.3, 0.4]": 0.0, "% of values in [0.4, 0.5]": 0.0, "% of values in [0.5, 0.6]": 0.0, "% of values in [0.6, 0.7]": 0.0, "% of values in [0.7, 0.8]": 0.0, "% of values in [0.8, 0.9]": 0.0, "% of values in [0.9, 1]": 0.476969696969697, "% of values with |Z-score| in [0,1)": 0.0, "% of values with |Z-score| in [1,2)": 0.0, "% of values with |Z-score| in [2,3)": 0.0, "% of values with |Z-score| in [3, infinity)": 0.0}, "correlation_and_distance": {"Mean": NaN, "Variance": NaN, "Standard deviation": NaN, "Skewness": NaN, "Kurtosis": NaN, "% of values in [0, 0.1]": 0.09636363636363636, "% of values in [0.1, 0.2]": 0.18505050505050505, "% of values in [0.2, 0.3]": 0.1383838383838384, "% of values in [0.3, 0.4]": 0.0898989898989899, "% of values in [0.4, 0.5]": 0.08181818181818182, "% of values in [0.5, 0.6]": 0.09555555555555556, "% of values in [0.6, 0.7]": 0.10505050505050505, "% of values in [0.7, 0.8]": 0.09757575757575758, "% of values in [0.8, 0.9]": 0.05797979797979798, "% of values in [0.9, 1]": 0.012525252525252526, "% of values with |Z-score| in [0,1)": 0.0, "% of values with |Z-score| in [1,2)": 0.0, "% of values with |Z-score| in [2,3)": 0.0, "% of values with |Z-score| in [3, infinity)": 0.0}, "marcoge": {"marcoge_mf_1": 2.2955574989318848, "marcoge_mf_2": 0.0, "marcoge_mf_3": 0.0, "marcoge_mf_4": 1.3161381483078003, "marcoge_mf_5": 0.0, "marcoge_mf_6": 0.0, "marcoge_mf_7": 0.0, "marcoge_mf_8": 0.0, "marcoge_mf_9": 0.0, "marcoge_mf_10": 0.0, "marcoge_mf_11": 0.0, "marcoge_mf_12": 0.0, "marcoge_mf_13": 0.0, "marcoge_mf_14": 2.6199209690093994, "marcoge_mf_15": 0.01662696711719036, "marcoge_mf_16": 1.8555842638015747, "marcoge_mf_17": 0.0, "marcoge_mf_18": 0.0, "marcoge_mf_19": 2.725768804550171, "marcoge_mf_20": 1.1204179525375366, "marcoge_mf_21": 0.0, "marcoge_mf_22": 0.0, "marcoge_mf_23": 0.0, "marcoge_mf_24": 2.2314014434814453, "marcoge_mf_25": 0.0, "marcoge_mf_26": 0.2824791669845581, "marcoge_mf_27": 0.0, "marcoge_mf_28": 0.0, "marcoge_mf_29": 2.1243367195129395, "marcoge_mf_30": 0.049351297318935394, "marcoge_mf_31": 0.0, "marcoge_mf_32": 0.0, "marcoge_mf_33": 0.0, "marcoge_mf_34": 1.1121059656143188, "marcoge_mf_35": 0.0, "marcoge_mf_36": 0.0, "marcoge_mf_37": 0.0, "marcoge_mf_38": 1.9113558530807495, "marcoge_mf_39": 0.0, "marcoge_mf_40": 0.7149254083633423, "marcoge_mf_41": 0.0, "marcoge_mf_42": 0.0, "marcoge_mf_43": 0.0, "marcoge_mf_44": 0.0, "marcoge_mf_45": 0.0, "marcoge_mf_46": 0.0, "marcoge_mf_47": 0.0, "marcoge_mf_48": 0.0, "marcoge_mf_49": 2.2153985500335693, "marcoge_mf_50": 0.0, "marcoge_mf_51": 0.0, "marcoge_mf_52": 0.0, "marcoge_mf_53": 0.0, "marcoge_mf_54": 0.0, "marcoge_mf_55": 0.0, "marcoge_mf_56": 1.4539440870285034, "marcoge_mf_57": 0.0, "marcoge_mf_58": 0.0, "marcoge_mf_59": 0.0, "marcoge_mf_60": 0.0, "marcoge_mf_61": 0.0, "marcoge_mf_62": 0.0, "marcoge_mf_63": 1.3584389686584473, "marcoge_mf_64": 0.0, "marcoge_mf_65": 0.0, "marcoge_mf_66": 0.7519615888595581, "marcoge_mf_67": 0.0, "marcoge_mf_68": 2.051748275756836, "marcoge_mf_69": 1.0488661527633667, "marcoge_mf_70": 0.0, "marcoge_mf_71": 0.9309875965118408, "marcoge_mf_72": 2.4289090633392334, "marcoge_mf_73": 0.0, "marcoge_mf_74": 0.0, "marcoge_mf_75": 0.0, "marcoge_mf_76": 0.0, "marcoge_mf_77": 0.0, "marcoge_mf_78": 1.1937421560287476, "marcoge_mf_79": 1.9669665098190308, "marcoge_mf_80": 0.0, "marcoge_mf_81": 1.5123090744018555, "marcoge_mf_82": 0.0, "marcoge_mf_83": 1.4074472188949585, "marcoge_mf_84": 0.0, "marcoge_mf_85": 0.0, "marcoge_mf_86": 0.0, "marcoge_mf_87": 0.0, "marcoge_mf_88": 0.0, "marcoge_mf_89": 0.0, "marcoge_mf_90": 0.2508629560470581, "marcoge_mf_91": 1.242347240447998, "marcoge_mf_92": 0.0, "marcoge_mf_93": 0.0, "marcoge_mf_94": 2.131434440612793, "marcoge_mf_95": 0.3058761656284332, "marcoge_mf_96": 0.0, "marcoge_mf_97": 0.0, "marcoge_mf_98": 0.0, "marcoge_mf_99": 0.0, "marcoge_mf_100": 0.0, "marcoge_mf_101": 0.0, "marcoge_mf_102": 0.0, "marcoge_mf_103": 0.0, "marcoge_mf_104": 1.5559686422348022, "marcoge_mf_105": 2.6001830101013184, "marcoge_mf_106": 2.6782870292663574, "marcoge_mf_107": 0.0, "marcoge_mf_108": 1.4392606019973755, "marcoge_mf_109": 0.9648398756980896, "marcoge_mf_110": 1.7733101844787598, "marcoge_mf_111": 0.0, "marcoge_mf_112": 0.0, "marcoge_mf_113": 0.8962887525558472, "marcoge_mf_114": 0.4493393301963806, "marcoge_mf_115": 0.0, "marcoge_mf_116": 1.1717456579208374, "marcoge_mf_117": 1.117743968963623, "marcoge_mf_118": 0.0, "marcoge_mf_119": 1.1323491334915161, "marcoge_mf_120": 0.0, "marcoge_mf_121": 2.1318745613098145, "marcoge_mf_122": 0.0, "marcoge_mf_123": 1.1604503393173218, "marcoge_mf_124": 0.0, "marcoge_mf_125": 1.373548150062561, "marcoge_mf_126": 0.0, "marcoge_mf_127": 0.06981132179498672, "marcoge_mf_128": 1.213100552558899, "marcoge_mf_129": 2.1528358459472656,