{"log2_no_instances": 6.643856189774724, "log2_no_attributes": 1.0, "log10_no_instances": 4.605170185988092, "log10_no_attributes": 0.6931471805599453, "instances_to_features": 50.0, "log_instances_to_features": 3.912023005428146, "features_to_instances": 50.0, "log_features_to_instances": 3.912023005428146, "Hopkin's statistic": 0.9359815384830347, "pct_of_discrete_attributes": 0.0, "mean_entropy_of_discrete_attributes": 0, "mean_absolute_correlation_of_continuous_attributes": 0.734358181810466, "mean_concentration_of_discrete_attributes": NaN, "pca_95_components_to_features_ratio": 1.0, "pca_first_component_skewness": 0.0, "pca_first_component_kurtosis": -2.0, "pct_of_outliers": 0.0, "pct_of_mv": 0.0, "min_skewness_of_continuous_attributes": 0.20159766575870416, "max_skewness_of_continuous_attributes": 0.6650107962974652, "mean_skewness_of_continuous_attributes": 0.4333042310280847, "std_skewness_of_continuous_attributes": 0.23170656526938052, "min_kurtosis_of_continuous_attributes": 0.20159766575870416, "max_kurtosis_of_continuous_attributes": 0.6650107962974652, "mean_kurtosis_of_continuous_attributes": 0.4333042310280847, "std_kurtosis_of_continuous_attributes": 0.23170656526938052, "t_squared_mv_normality": 0.28, "t_squared_skewness": 2.0804700397512166, "t_squared_outliers": 0.01, "meanshift_silhouette": 0.7037142256794016, "meanshift_dunn": 0.24272214548129348, "meanshift_cindex": 0.007248468369176758, "meanshift_calinski_harabasz": 813.86089170891, "meanshift_davies_bouldin": 0.4237860551346912, "meanshift_sdbw": 0.055858960710822546, "meanshift_cdbw": null, "meanshift_tau": -7.355170403942814e-07, "meanshift_ratkowsky_lance": 0.5583673283003758, "meanshift_mcclain_rao": 0.1870035876837574, "DBSCAN_silhouette": -0.13165122808542074, "DBSCAN_davies_bouldin": 1.4436259573235348, "DBSCAN_calinski_harabasz": 14.011176721666104, "OPTICS_silhouette": 0.3346739806821772, "OPTICS_davies_bouldin": 1.2055070189617272, "OPTICS_calinski_harabasz": 172.48398806505085, "ferrari_distance_based": {"Mean": 6.682935836746037, "Variance": 19.71447322841401, "Standard deviation": 4.440098335444161, "Skewness": 0.10783320093876529, "Kurtosis": -1.4936727143991007, "% of values in [0, 0.1]": 0.0008080808080808081, "% of values in [0.1, 0.2]": 0.0022222222222222222, "% of values in [0.2, 0.3]": 0.0024242424242424242, "% of values in [0.3, 0.4]": 0.007070707070707071, "% of values in [0.4, 0.5]": 0.008686868686868687, "% of values in [0.5, 0.6]": 0.007676767676767677, "% of values in [0.6, 0.7]": 0.010101010101010102, "% of values in [0.7, 0.8]": 0.012323232323232323, "% of values in [0.8, 0.9]": 0.013737373737373737, "% of values in [0.9, 1]": 0.015151515151515152, "% of values with |Z-score| in [0,1)": 0.24222222222222223, "% of values with |Z-score| in [1,2)": 0.2317171717171717, "% of values with |Z-score| in [2,3)": 0.00040404040404040404, "% of values with |Z-score| in [3, infinity)": 0.0}, "correlation_based": {"Mean": NaN, "Variance": NaN, "Standard deviation": NaN, "Skewness": NaN, "Kurtosis": NaN, "% of values in [0, 0.1]": 0.49454545454545457, "% of values in [0.1, 0.2]": 0.0, "% of values in [0.2, 0.3]": 0.0, "% of values in [0.3, 0.4]": 0.0, "% of values in [0.4, 0.5]": 0.0, "% of values in [0.5, 0.6]": 0.0, "% of values in [0.6, 0.7]": 0.0, "% of values in [0.7, 0.8]": 0.0, "% of values in [0.8, 0.9]": 0.0, "% of values in [0.9, 1]": 0.48545454545454547, "% of values with |Z-score| in [0,1)": 0.0, "% of values with |Z-score| in [1,2)": 0.0, "% of values with |Z-score| in [2,3)": 0.0, "% of values with |Z-score| in [3, infinity)": 0.0}, "correlation_and_distance": {"Mean": NaN, "Variance": NaN, "Standard deviation": NaN, "Skewness": NaN, "Kurtosis": NaN, "% of values in [0, 0.1]": 0.09353535353535354, "% of values in [0.1, 0.2]": 0.16242424242424242, "% of values in [0.2, 0.3]": 0.13434343434343435, "% of values in [0.3, 0.4]": 0.08868686868686869, "% of values in [0.4, 0.5]": 0.06808080808080808, "% of values in [0.5, 0.6]": 0.09535353535353536, "% of values in [0.6, 0.7]": 0.13595959595959595, "% of values in [0.7, 0.8]": 0.13373737373737374, "% of values in [0.8, 0.9]": 0.057373737373737375, "% of values in [0.9, 1]": 0.010505050505050505, "% of values with |Z-score| in [0,1)": 0.0, "% of values with |Z-score| in [1,2)": 0.0, "% of values with |Z-score| in [2,3)": 0.0, "% of values with |Z-score| in [3, infinity)": 0.0}, "marcoge": {"marcoge_mf_1": 2.296344041824341, "marcoge_mf_2": 0.0, "marcoge_mf_3": 0.0, "marcoge_mf_4": 1.3214486837387085, "marcoge_mf_5": 0.0, "marcoge_mf_6": 0.0, "marcoge_mf_7": 0.0, "marcoge_mf_8": 0.0, "marcoge_mf_9": 0.0, "marcoge_mf_10": 0.0, "marcoge_mf_11": 0.0, "marcoge_mf_12": 0.0, "marcoge_mf_13": 0.0, "marcoge_mf_14": 2.6208879947662354, "marcoge_mf_15": 0.024221260100603104, "marcoge_mf_16": 1.8503586053848267, "marcoge_mf_17": 0.0, "marcoge_mf_18": 0.0, "marcoge_mf_19": 2.7352633476257324, "marcoge_mf_20": 1.1159249544143677, "marcoge_mf_21": 0.0, "marcoge_mf_22": 0.0, "marcoge_mf_23": 0.0, "marcoge_mf_24": 2.2362239360809326, "marcoge_mf_25": 0.0, "marcoge_mf_26": 0.288718044757843, "marcoge_mf_27": 0.0, "marcoge_mf_28": 0.0, "marcoge_mf_29": 2.113919734954834, "marcoge_mf_30": 0.04437463730573654, "marcoge_mf_31": 0.0, "marcoge_mf_32": 0.0, "marcoge_mf_33": 0.0, "marcoge_mf_34": 1.1149871349334717, "marcoge_mf_35": 0.0, "marcoge_mf_36": 0.0, "marcoge_mf_37": 0.0, "marcoge_mf_38": 1.9083174467086792, "marcoge_mf_39": 0.0, "marcoge_mf_40": 0.716238260269165, "marcoge_mf_41": 0.0, "marcoge_mf_42": 0.0, "marcoge_mf_43": 0.0, "marcoge_mf_44": 0.0, "marcoge_mf_45": 0.0, "marcoge_mf_46": 0.0, "marcoge_mf_47": 0.0, "marcoge_mf_48": 0.0, "marcoge_mf_49": 2.211597442626953, "marcoge_mf_50": 0.0, "marcoge_mf_51": 0.0, "marcoge_mf_52": 0.0, "marcoge_mf_53": 0.0, "marcoge_mf_54": 0.0, "marcoge_mf_55": 0.0, "marcoge_mf_56": 1.4581774473190308, "marcoge_mf_57": 0.0, "marcoge_mf_58": 0.0, "marcoge_mf_59": 0.0, "marcoge_mf_60": 0.0, "marcoge_mf_61": 0.0, "marcoge_mf_62": 0.0, "marcoge_mf_63": 1.358993649482727, "marcoge_mf_64": 0.0, "marcoge_mf_65": 0.0, "marcoge_mf_66": 0.7586032748222351, "marcoge_mf_67": 0.0, "marcoge_mf_68": 2.0541999340057373, "marcoge_mf_69": 1.0520765781402588, "marcoge_mf_70": 0.0, "marcoge_mf_71": 0.9311341047286987, "marcoge_mf_72": 2.4325318336486816, "marcoge_mf_73": 0.0, "marcoge_mf_74": 0.0, "marcoge_mf_75": 0.0, "marcoge_mf_76": 0.0, "marcoge_mf_77": 0.0, "marcoge_mf_78": 1.1946864128112793, "marcoge_mf_79": 1.9687669277191162, "marcoge_mf_80": 0.0, "marcoge_mf_81": 1.518984317779541, "marcoge_mf_82": 0.0, "marcoge_mf_83": 1.4204890727996826, "marcoge_mf_84": 0.0, "marcoge_mf_85": 0.0, "marcoge_mf_86": 0.0, "marcoge_mf_87": 0.0, "marcoge_mf_88": 0.0, "marcoge_mf_89": 0.0, "marcoge_mf_90": 0.2546135485172272, "marcoge_mf_91": 1.2335855960845947, "marcoge_mf_92": 0.0, "marcoge_mf_93": 0.0, "marcoge_mf_94": 2.135044813156128, "marcoge_mf_95": 0.303744375705719, "marcoge_mf_96": 0.0, "marcoge_mf_97": 0.0, "marcoge_mf_98": 0.0, "marcoge_mf_99": 0.0, "marcoge_mf_100": 0.0, "marcoge_mf_101": 0.0, "marcoge_mf_102": 0.0, "marcoge_mf_103": 0.0, "marcoge_mf_104": 1.551254153251648, "marcoge_mf_105": 2.609034538269043, "marcoge_mf_106": 2.6815454959869385, "marcoge_mf_107": 0.0, "marcoge_mf_108": 1.4431464672088623, "marcoge_mf_109": 0.9625253081321716, "marcoge_mf_110": 1.7728185653686523, "marcoge_mf_111": 0.0, "marcoge_mf_112": 0.0, "marcoge_mf_113": 0.8938615322113037, "marcoge_mf_114": 0.45582252740859985, "marcoge_mf_115": 0.0, "marcoge_mf_116": 1.1745615005493164, "marcoge_mf_117": 1.1180894374847412, "marcoge_mf_118": 0.0, "marcoge_mf_119": 1.1252111196517944, "marcoge_mf_120": 0.0, "marcoge_mf_121": 2.13556170463562, "marcoge_mf_122": 0.0, "marcoge_mf_123": 1.1665802001953125, "marcoge_mf_124": 0.0, "marcoge_mf_125": 1.366789698600769, "marcoge_mf_126": 0.0, "marcoge_mf_127": 0.06306715309619904, "marcoge_mf_128": 1.2182906866073608, "marcoge_mf_129": 2.1472535133361816,