{"log2_no_instances": 6.643856189774724, "log2_no_attributes": 1.584962500721156, "log10_no_instances": 4.605170185988092, "log10_no_attributes": 1.0986122886681098, "instances_to_features": 33.333333333333336, "log_instances_to_features": 3.506557897319982, "features_to_instances": 33.333333333333336, "log_features_to_instances": 3.506557897319982, "Hopkin's statistic": 0.9407694129753366, "pct_of_discrete_attributes": 0.0, "mean_entropy_of_discrete_attributes": 0, "mean_absolute_correlation_of_continuous_attributes": 0.6309669564589067, "mean_concentration_of_discrete_attributes": NaN, "pca_95_components_to_features_ratio": 0.6666666666666666, "pca_first_component_skewness": 0.7057218355625825, "pca_first_component_kurtosis": -1.4999999999999998, "pct_of_outliers": 0.0, "pct_of_mv": 0.0, "min_skewness_of_continuous_attributes": 0.044488973018653864, "max_skewness_of_continuous_attributes": 0.4698554728811958, "mean_skewness_of_continuous_attributes": 0.2834245493652994, "std_skewness_of_continuous_attributes": 0.17757950093406163, "min_kurtosis_of_continuous_attributes": 0.044488973018653864, "max_kurtosis_of_continuous_attributes": 0.4698554728811958, "mean_kurtosis_of_continuous_attributes": 0.2834245493652994, "std_kurtosis_of_continuous_attributes": 0.17757950093406163, "t_squared_mv_normality": 0.42, "t_squared_skewness": 1.274376103693586, "t_squared_outliers": 0.01, "meanshift_silhouette": 0.7250609185718911, "meanshift_dunn": 0.805479457930269, "meanshift_cindex": 0.0001311486229668145, "meanshift_calinski_harabasz": 762.5057829653435, "meanshift_davies_bouldin": 0.3827534362486719, "meanshift_sdbw": 0.03902917403494537, "meanshift_cdbw": null, "meanshift_tau": 9.119931501780077e-08, "meanshift_ratkowsky_lance": 0.4869699496756365, "meanshift_mcclain_rao": 0.20035746519941003, "DBSCAN_silhouette": null, "DBSCAN_davies_bouldin": null, "DBSCAN_calinski_harabasz": null, "OPTICS_silhouette": -0.10167677146364737, "OPTICS_davies_bouldin": 2.9386647153455034, "OPTICS_calinski_harabasz": 17.712148253588396, "ferrari_distance_based": {"Mean": 8.206895717921244, "Variance": 28.07730576630108, "Standard deviation": 5.298802295453292, "Skewness": 0.37189295250352705, "Kurtosis": -0.9662279479487199, "% of values in [0, 0.1]": 0.0, "% of values in [0.1, 0.2]": 0.00040404040404040404, "% of values in [0.2, 0.3]": 0.0, "% of values in [0.3, 0.4]": 0.0014141414141414141, "% of values in [0.4, 0.5]": 0.0014141414141414141, "% of values in [0.5, 0.6]": 0.0030303030303030303, "% of values in [0.6, 0.7]": 0.0034343434343434343, "% of values in [0.7, 0.8]": 0.005050505050505051, "% of values in [0.8, 0.9]": 0.0056565656565656566, "% of values in [0.9, 1]": 0.007474747474747475, "% of values with |Z-score| in [0,1)": 0.26242424242424245, "% of values with |Z-score| in [1,2)": 0.22080808080808081, "% of values with |Z-score| in [2,3)": 0.0048484848484848485, "% of values with |Z-score| in [3, infinity)": 0.0}, "correlation_based": {"Mean": -0.0033333333333333335, "Variance": 0.49953434343434344, "Standard deviation": 0.7067774355724321, "Skewness": 0.00020149019227409264, "Kurtosis": -1.4996087761534207, "% of values in [0, 0.1]": 0.5006060606060606, "% of values in [0.1, 0.2]": 0.0, "% of values in [0.2, 0.3]": 0.0, "% of values in [0.3, 0.4]": 0.0, "% of values in [0.4, 0.5]": 0.33575757575757575, "% of values in [0.5, 0.6]": 0.0, "% of values in [0.6, 0.7]": 0.0, "% of values in [0.7, 0.8]": 0.0, "% of values in [0.8, 0.9]": 0.0, "% of values in [0.9, 1]": 0.16363636363636364, "% of values with |Z-score| in [0,1)": 0.33575757575757575, "% of values with |Z-score| in [1,2)": 0.16363636363636364, "% of values with |Z-score| in [2,3)": 0.0, "% of values with |Z-score| in [3, infinity)": 0.0}, "correlation_and_distance": {"Mean": 0.4276734610275687, "Variance": 0.06362908661820268, "Standard deviation": 0.25224806563817825, "Skewness": 0.36346570073688933, "Kurtosis": -0.9369239239350207, "% of values in [0, 0.1]": 0.06666666666666667, "% of values in [0.1, 0.2]": 0.20606060606060606, "% of values in [0.2, 0.3]": 0.06404040404040404, "% of values in [0.3, 0.4]": 0.12424242424242424, "% of values in [0.4, 0.5]": 0.21858585858585858, "% of values in [0.5, 0.6]": 0.0890909090909091, "% of values in [0.6, 0.7]": 0.01292929292929293, "% of values in [0.7, 0.8]": 0.09595959595959595, "% of values in [0.8, 0.9]": 0.09898989898989899, "% of values in [0.9, 1]": 0.023434343434343436, "% of values with |Z-score| in [0,1)": 0.25272727272727274, "% of values with |Z-score| in [1,2)": 0.21595959595959596, "% of values with |Z-score| in [2,3)": 0.00787878787878788, "% of values with |Z-score| in [3, infinity)": 0.0}, "marcoge": {"marcoge_mf_1": 2.2881476879119873, "marcoge_mf_2": 0.0, "marcoge_mf_3": 0.0, "marcoge_mf_4": 1.3185521364212036, "marcoge_mf_5": 0.0, "marcoge_mf_6": 0.0, "marcoge_mf_7": 0.0, "marcoge_mf_8": 0.0, "marcoge_mf_9": 0.0, "marcoge_mf_10": 0.0, "marcoge_mf_11": 0.0, "marcoge_mf_12": 0.0, "marcoge_mf_13": 0.0, "marcoge_mf_14": 2.6106574535369873, "marcoge_mf_15": 0.02404877357184887, "marcoge_mf_16": 1.854891300201416, "marcoge_mf_17": 0.0, "marcoge_mf_18": 0.0, "marcoge_mf_19": 2.7154674530029297, "marcoge_mf_20": 1.1204355955123901, "marcoge_mf_21": 0.0, "marcoge_mf_22": 0.0, "marcoge_mf_23": 0.0, "marcoge_mf_24": 2.22784686088562, "marcoge_mf_25": 0.0, "marcoge_mf_26": 0.280222088098526, "marcoge_mf_27": 0.0, "marcoge_mf_28": 0.0, "marcoge_mf_29": 2.1099677085876465, "marcoge_mf_30": 0.04747175797820091, "marcoge_mf_31": 0.0, "marcoge_mf_32": 0.0, "marcoge_mf_33": 0.0, "marcoge_mf_34": 1.1110378503799438, "marcoge_mf_35": 0.0, "marcoge_mf_36": 0.0, "marcoge_mf_37": 0.0, "marcoge_mf_38": 1.9001275300979614, "marcoge_mf_39": 0.0, "marcoge_mf_40": 0.7051569223403931, "marcoge_mf_41": 0.0, "marcoge_mf_42": 0.0, "marcoge_mf_43": 0.0, "marcoge_mf_44": 0.0, "marcoge_mf_45": 0.0, "marcoge_mf_46": 0.0, "marcoge_mf_47": 0.0, "marcoge_mf_48": 0.0, "marcoge_mf_49": 2.1983561515808105, "marcoge_mf_50": 0.0, "marcoge_mf_51": 0.0, "marcoge_mf_52": 0.0, "marcoge_mf_53": 0.0, "marcoge_mf_54": 0.0, "marcoge_mf_55": 0.0, "marcoge_mf_56": 1.4543414115905762, "marcoge_mf_57": 0.0, "marcoge_mf_58": 0.0, "marcoge_mf_59": 0.0, "marcoge_mf_60": 0.0, "marcoge_mf_61": 0.0, "marcoge_mf_62": 0.0, "marcoge_mf_63": 1.3486982583999634, "marcoge_mf_64": 0.0, "marcoge_mf_65": 0.0, "marcoge_mf_66": 0.7501683831214905, "marcoge_mf_67": 0.0, "marcoge_mf_68": 2.0447893142700195, "marcoge_mf_69": 1.056347131729126, "marcoge_mf_70": 0.0, "marcoge_mf_71": 0.9255295395851135, "marcoge_mf_72": 2.4208242893218994, "marcoge_mf_73": 0.0, "marcoge_mf_74": 0.0, "marcoge_mf_75": 0.0, "marcoge_mf_76": 0.0, "marcoge_mf_77": 0.0, "marcoge_mf_78": 1.1917701959609985, "marcoge_mf_79": 1.9539856910705566, "marcoge_mf_80": 0.0, "marcoge_mf_81": 1.505293607711792, "marcoge_mf_82": 0.0, "marcoge_mf_83": 1.3986868858337402, "marcoge_mf_84": 0.0, "marcoge_mf_85": 0.0, "marcoge_mf_86": 0.0, "marcoge_mf_87": 0.0, "marcoge_mf_88": 0.0, "marcoge_mf_89": 0.0, "marcoge_mf_90": 0.2531842887401581, "marcoge_mf_91": 1.2325024604797363, "marcoge_mf_92": 0.0, "marcoge_mf_93": 0.0, "marcoge_mf_94": 2.1212685108184814, "marcoge_mf_95": 0.2955198585987091, "marcoge_mf_96": 0.0, "marcoge_mf_97": 0.0, "marcoge_mf_98": 0.0, "marcoge_mf_99": 0.0, "marcoge_mf_100": 0.0, "marcoge_mf_101": 0.0, "marcoge_mf_102": 0.0, "marcoge_mf_103": 0.0, "marcoge_mf_104": 1.5502705574035645, "marcoge_mf_105": 2.5901741981506348, "marcoge_mf_106": 2.6696245670318604, "marcoge_mf_107": 0.0, "marcoge_mf_108": 1.4342846870422363, "marcoge_mf_109": 0.9687553644180298, "marcoge_mf_110": 1.7668935060501099, "marcoge_mf_111": 0.0, "marcoge_mf_112": 0.0, "marcoge_mf_113": 0.8904320597648621, "marcoge_mf_114": 0.4484604299068451, "marcoge_mf_115": 0.0, "marcoge_mf_116": 1.1706414222717285, "marcoge_mf_117": 1.110668659210205, "marcoge_mf_118": 0.0, "marcoge_mf_119": 1.1216349601745605, "marcoge_mf_120": 0.0, "marcoge_mf_121": 2.1208953857421875,