{"log2_no_instances": 6.643856189774724, "log2_no_attributes": 1.0, "log10_no_instances": 4.605170185988092, "log10_no_attributes": 0.6931471805599453, "instances_to_features": 50.0, "log_instances_to_features": 3.912023005428146, "features_to_instances": 50.0, "log_features_to_instances": 3.912023005428146, "Hopkin's statistic": 0.9819478859045955, "pct_of_discrete_attributes": 0.0, "mean_entropy_of_discrete_attributes": 0, "mean_absolute_correlation_of_continuous_attributes": 0.965124309471739, "mean_concentration_of_discrete_attributes": NaN, "pca_95_components_to_features_ratio": 0.5, "pca_first_component_skewness": 3.3734606310751817e-16, "pca_first_component_kurtosis": -2.0, "pct_of_outliers": 0.0, "pct_of_mv": 0.0, "min_skewness_of_continuous_attributes": -0.5548588677867057, "max_skewness_of_continuous_attributes": 0.5299366617603941, "mean_skewness_of_continuous_attributes": -0.012461103013155783, "std_skewness_of_continuous_attributes": 0.5423977647735498, "min_kurtosis_of_continuous_attributes": -0.5548588677867057, "max_kurtosis_of_continuous_attributes": 0.5299366617603941, "mean_kurtosis_of_continuous_attributes": -0.012461103013155783, "std_kurtosis_of_continuous_attributes": 0.5423977647735498, "t_squared_mv_normality": 0.41, "t_squared_skewness": 2.702612463682833, "t_squared_outliers": 0.01, "meanshift_silhouette": 0.6878133137691782, "meanshift_dunn": 0.16000311745561194, "meanshift_cindex": 0.009666683143741769, "meanshift_calinski_harabasz": 1373.3210554032457, "meanshift_davies_bouldin": 0.43385169516447225, "meanshift_sdbw": 0.033453607131080525, "meanshift_cdbw": null, "meanshift_tau": -1.9061029713246744e-06, "meanshift_ratkowsky_lance": 0.5663447082103474, "meanshift_mcclain_rao": 0.14955896848307437, "DBSCAN_silhouette": -0.1030387940303112, "DBSCAN_davies_bouldin": 0.9250518648314607, "DBSCAN_calinski_harabasz": 21.23889034545754, "OPTICS_silhouette": -0.16845396159849416, "OPTICS_davies_bouldin": 1.2644520871648723, "OPTICS_calinski_harabasz": 17.07545495375019, "ferrari_distance_based": {"Mean": 8.7098624197432, "Variance": 46.481447379574696, "Standard deviation": 6.81773036864723, "Skewness": 0.2962852032608063, "Kurtosis": -1.5584186130014228, "% of values in [0, 0.1]": 0.0014141414141414141, "% of values in [0.1, 0.2]": 0.0038383838383838384, "% of values in [0.2, 0.3]": 0.0038383838383838384, "% of values in [0.3, 0.4]": 0.006666666666666667, "% of values in [0.4, 0.5]": 0.006868686868686869, "% of values in [0.5, 0.6]": 0.009292929292929294, "% of values in [0.6, 0.7]": 0.010101010101010102, "% of values in [0.7, 0.8]": 0.009494949494949495, "% of values in [0.8, 0.9]": 0.01090909090909091, "% of values in [0.9, 1]": 0.013535353535353536, "% of values with |Z-score| in [0,1)": 0.20525252525252524, "% of values with |Z-score| in [1,2)": 0.2406060606060606, "% of values with |Z-score| in [2,3)": 0.00101010101010101, "% of values with |Z-score| in [3, infinity)": 0.0}, "correlation_based": {"Mean": NaN, "Variance": NaN, "Standard deviation": NaN, "Skewness": NaN, "Kurtosis": NaN, "% of values in [0, 0.1]": 0.47515151515151516, "% of values in [0.1, 0.2]": 0.0, "% of values in [0.2, 0.3]": 0.0, "% of values in [0.3, 0.4]": 0.0, "% of values in [0.4, 0.5]": 0.0, "% of values in [0.5, 0.6]": 0.0, "% of values in [0.6, 0.7]": 0.0, "% of values in [0.7, 0.8]": 0.0, "% of values in [0.8, 0.9]": 0.0, "% of values in [0.9, 1]": 0.48505050505050507, "% of values with |Z-score| in [0,1)": 0.0, "% of values with |Z-score| in [1,2)": 0.0, "% of values with |Z-score| in [2,3)": 0.0, "% of values with |Z-score| in [3, infinity)": 0.0}, "correlation_and_distance": {"Mean": NaN, "Variance": NaN, "Standard deviation": NaN, "Skewness": NaN, "Kurtosis": NaN, "% of values in [0, 0.1]": 0.14323232323232324, "% of values in [0.1, 0.2]": 0.23252525252525252, "% of values in [0.2, 0.3]": 0.12606060606060607, "% of values in [0.3, 0.4]": 0.02585858585858586, "% of values in [0.4, 0.5]": 0.025050505050505052, "% of values in [0.5, 0.6]": 0.10282828282828282, "% of values in [0.6, 0.7]": 0.12626262626262627, "% of values in [0.7, 0.8]": 0.11858585858585859, "% of values in [0.8, 0.9]": 0.05696969696969697, "% of values in [0.9, 1]": 0.0028282828282828283, "% of values with |Z-score| in [0,1)": 0.0, "% of values with |Z-score| in [1,2)": 0.0, "% of values with |Z-score| in [2,3)": 0.0, "% of values with |Z-score| in [3, infinity)": 0.0}, "marcoge": {"marcoge_mf_1": 2.2730820178985596, "marcoge_mf_2": 0.0, "marcoge_mf_3": 0.0, "marcoge_mf_4": 1.3068420886993408, "marcoge_mf_5": 0.0, "marcoge_mf_6": 0.0, "marcoge_mf_7": 0.0, "marcoge_mf_8": 0.0, "marcoge_mf_9": 0.0, "marcoge_mf_10": 0.0, "marcoge_mf_11": 0.0, "marcoge_mf_12": 0.0, "marcoge_mf_13": 0.0, "marcoge_mf_14": 2.5936107635498047, "marcoge_mf_15": 0.020502490922808647, "marcoge_mf_16": 1.8371714353561401, "marcoge_mf_17": 0.0, "marcoge_mf_18": 0.0, "marcoge_mf_19": 2.708644151687622, "marcoge_mf_20": 1.1137261390686035, "marcoge_mf_21": 0.0, "marcoge_mf_22": 0.0, "marcoge_mf_23": 0.0, "marcoge_mf_24": 2.21201229095459, "marcoge_mf_25": 0.0, "marcoge_mf_26": 0.2778632640838623, "marcoge_mf_27": 0.0, "marcoge_mf_28": 0.0, "marcoge_mf_29": 2.094540596008301, "marcoge_mf_30": 0.051528893411159515, "marcoge_mf_31": 0.0, "marcoge_mf_32": 0.0, "marcoge_mf_33": 0.0, "marcoge_mf_34": 1.1004362106323242, "marcoge_mf_35": 0.0, "marcoge_mf_36": 0.0, "marcoge_mf_37": 0.0, "marcoge_mf_38": 1.886389970779419, "marcoge_mf_39": 0.0, "marcoge_mf_40": 0.7019497752189636, "marcoge_mf_41": 0.0, "marcoge_mf_42": 0.0, "marcoge_mf_43": 0.0, "marcoge_mf_44": 0.0, "marcoge_mf_45": 0.0, "marcoge_mf_46": 0.0, "marcoge_mf_47": 0.0, "marcoge_mf_48": 0.0, "marcoge_mf_49": 2.192502021789551, "marcoge_mf_50": 0.0, "marcoge_mf_51": 0.0, "marcoge_mf_52": 0.0, "marcoge_mf_53": 0.0, "marcoge_mf_54": 0.0, "marcoge_mf_55": 0.0, "marcoge_mf_56": 1.43381667137146, "marcoge_mf_57": 0.0, "marcoge_mf_58": 0.0, "marcoge_mf_59": 0.0, "marcoge_mf_60": 0.0, "marcoge_mf_61": 0.0, "marcoge_mf_62": 0.0, "marcoge_mf_63": 1.343052625656128, "marcoge_mf_64": 0.0, "marcoge_mf_65": 0.0, "marcoge_mf_66": 0.7634761333465576, "marcoge_mf_67": 0.0, "marcoge_mf_68": 2.0417096614837646, "marcoge_mf_69": 1.035595178604126, "marcoge_mf_70": 0.0, "marcoge_mf_71": 0.9229804277420044, "marcoge_mf_72": 2.4042317867279053, "marcoge_mf_73": 0.0, "marcoge_mf_74": 0.0, "marcoge_mf_75": 0.0, "marcoge_mf_76": 0.0, "marcoge_mf_77": 0.0, "marcoge_mf_78": 1.1807355880737305, "marcoge_mf_79": 1.945031762123108, "marcoge_mf_80": 0.0, "marcoge_mf_81": 1.4943410158157349, "marcoge_mf_82": 0.0, "marcoge_mf_83": 1.402734398841858, "marcoge_mf_84": 0.0, "marcoge_mf_85": 0.0, "marcoge_mf_86": 0.0, "marcoge_mf_87": 0.0, "marcoge_mf_88": 0.0, "marcoge_mf_89": 0.0, "marcoge_mf_90": 0.2524334192276001, "marcoge_mf_91": 1.2288568019866943, "marcoge_mf_92": 0.0, "marcoge_mf_93": 0.0, "marcoge_mf_94": 2.104879856109619, "marcoge_mf_95": 0.3007248640060425, "marcoge_mf_96": 0.0, "marcoge_mf_97": 0.0, "marcoge_mf_98": 0.0, "marcoge_mf_99": 0.0, "marcoge_mf_100": 0.0, "marcoge_mf_101": 0.0, "marcoge_mf_102": 0.0, "marcoge_mf_103": 0.0, "marcoge_mf_104": 1.548892855644226, "marcoge_mf_105": 2.576434373855591, "marcoge_mf_106": 2.6537537574768066, "marcoge_mf_107": 0.0, "marcoge_mf_108": 1.430102825164795, "marcoge_mf_109": 0.9500806927680969, "marcoge_mf_110": 1.7568546533584595, "marcoge_mf_111": 0.0, "marcoge_mf_112": 0.0, "marcoge_mf_113": 0.8763220906257629, "marcoge_mf_114": 0.4494321346282959, "marcoge_mf_115": 0.0, "marcoge_mf_116": 1.1694272756576538, "marcoge_mf_117": 1.1012673377990723, "marcoge_mf_118": 0.0, "marcoge_mf_119": 1.12123441696167, "marcoge_mf_120": 0.0, "marcoge_mf_121": 2.104137659072876, "marcoge_mf_122": 0.0, "marcoge_mf_123": 1.1556049585342407, "marcoge_mf_124": 0.0, "marcoge_mf_125": 1.3576555252075195, "marcoge_mf_126": 0.0, "marcoge_mf_127": 0.06348448991775513, "marcoge_mf_128": 1.1956440210342407, "marcoge_mf_129": 2.1327173709869385,