{"log2_no_instances": 6.643856189774724, "log2_no_attributes": 1.584962500721156, "log10_no_instances": 4.605170185988092, "log10_no_attributes": 1.0986122886681098, "instances_to_features": 33.333333333333336, "log_instances_to_features": 3.506557897319982, "features_to_instances": 33.333333333333336, "log_features_to_instances": 3.506557897319982, "Hopkin's statistic": 0.9982841961809644, "pct_of_discrete_attributes": 0.0, "mean_entropy_of_discrete_attributes": 0, "mean_absolute_correlation_of_continuous_attributes": 0.5200982387358737, "mean_concentration_of_discrete_attributes": NaN, "pca_95_components_to_features_ratio": 0.6666666666666666, "pca_first_component_skewness": -0.2580453036764135, "pca_first_component_kurtosis": -1.5, "pct_of_outliers": 0.0, "pct_of_mv": 0.0, "min_skewness_of_continuous_attributes": 0.14657269718699384, "max_skewness_of_continuous_attributes": 0.6279594019281444, "mean_skewness_of_continuous_attributes": 0.3872660495575691, "std_skewness_of_continuous_attributes": 0.24069335237057526, "min_kurtosis_of_continuous_attributes": 0.14657269718699384, "max_kurtosis_of_continuous_attributes": 0.6279594019281444, "mean_kurtosis_of_continuous_attributes": 0.3872660495575691, "std_kurtosis_of_continuous_attributes": 0.24069335237057526, "t_squared_mv_normality": 0.4, "t_squared_skewness": 2.386202632881353, "t_squared_outliers": 0.01, "meanshift_silhouette": 0.8520690411656369, "meanshift_dunn": 1.8136448604212962, "meanshift_cindex": 4.822362439751559e-17, "meanshift_calinski_harabasz": 1662.699616105177, "meanshift_davies_bouldin": 0.2113387751812641, "meanshift_sdbw": 0.026896629479919144, "meanshift_cdbw": null, "meanshift_tau": 0.00010101010101010101, "meanshift_ratkowsky_lance": 0.5669924571799082, "meanshift_mcclain_rao": 0.1304934183021861, "DBSCAN_silhouette": null, "DBSCAN_davies_bouldin": null, "DBSCAN_calinski_harabasz": null, "OPTICS_silhouette": -0.00733784750815153, "OPTICS_davies_bouldin": 0.9977379864145179, "OPTICS_calinski_harabasz": 31.943518342057864, "ferrari_distance_based": {"Mean": 12.599841292212941, "Variance": 56.2687886557535, "Standard deviation": 7.50125247247108, "Skewness": -0.5169635592958399, "Kurtosis": -1.4267612707470927, "% of values in [0, 0.1]": 0.00020202020202020202, "% of values in [0.1, 0.2]": 0.00020202020202020202, "% of values in [0.2, 0.3]": 0.00020202020202020202, "% of values in [0.3, 0.4]": 0.0006060606060606061, "% of values in [0.4, 0.5]": 0.0016161616161616162, "% of values in [0.5, 0.6]": 0.0026262626262626263, "% of values in [0.6, 0.7]": 0.0028282828282828283, "% of values in [0.7, 0.8]": 0.00404040404040404, "% of values in [0.8, 0.9]": 0.0056565656565656566, "% of values in [0.9, 1]": 0.007272727272727273, "% of values with |Z-score| in [0,1)": 0.5339393939393939, "% of values with |Z-score| in [1,2)": 0.12383838383838384, "% of values with |Z-score| in [2,3)": 0.0, "% of values with |Z-score| in [3, infinity)": 0.0}, "correlation_based": {"Mean": -0.010046878951024015, "Variance": 0.5063637066879899, "Standard deviation": 0.7115923739669994, "Skewness": 0.014719333055910772, "Kurtosis": -1.509072033057917, "% of values in [0, 0.1]": 0.5107070707070707, "% of values in [0.1, 0.2]": 0.0, "% of values in [0.2, 0.3]": 0.0, "% of values in [0.3, 0.4]": 0.0, "% of values in [0.4, 0.5]": 0.31676767676767675, "% of values in [0.5, 0.6]": 0.0, "% of values in [0.6, 0.7]": 0.0, "% of values in [0.7, 0.8]": 0.0, "% of values in [0.8, 0.9]": 0.013939393939393939, "% of values in [0.9, 1]": 0.15858585858585858, "% of values with |Z-score| in [0,1)": 0.3280808080808081, "% of values with |Z-score| in [1,2)": 0.17252525252525253, "% of values with |Z-score| in [2,3)": 0.0, "% of values with |Z-score| in [3, infinity)": 0.0}, "correlation_and_distance": {"Mean": 0.5229979327240026, "Variance": 0.09016626597640559, "Standard deviation": 0.30027698209554055, "Skewness": -0.5116951565863577, "Kurtosis": -1.4021006699196574, "% of values in [0, 0.1]": 0.13656565656565656, "% of values in [0.1, 0.2]": 0.17555555555555555, "% of values in [0.2, 0.3]": 0.014545454545454545, "% of values in [0.3, 0.4]": 0.0, "% of values in [0.4, 0.5]": 0.008888888888888889, "% of values in [0.5, 0.6]": 0.09232323232323232, "% of values in [0.6, 0.7]": 0.1717171717171717, "% of values in [0.7, 0.8]": 0.22424242424242424, "% of values in [0.8, 0.9]": 0.15616161616161617, "% of values in [0.9, 1]": 0.02, "% of values with |Z-score| in [0,1)": 0.5268686868686868, "% of values with |Z-score| in [1,2)": 0.12606060606060607, "% of values with |Z-score| in [2,3)": 0.0, "% of values with |Z-score| in [3, infinity)": 0.0}, "marcoge": {"marcoge_mf_1": 2.2730233669281006, "marcoge_mf_2": 0.0, "marcoge_mf_3": 0.0, "marcoge_mf_4": 1.307021975517273, "marcoge_mf_5": 0.0, "marcoge_mf_6": 0.0, "marcoge_mf_7": 0.0, "marcoge_mf_8": 0.0, "marcoge_mf_9": 0.0, "marcoge_mf_10": 0.0, "marcoge_mf_11": 0.0, "marcoge_mf_12": 0.0, "marcoge_mf_13": 0.0, "marcoge_mf_14": 2.5779178142547607, "marcoge_mf_15": 0.025640297681093216, "marcoge_mf_16": 1.8276695013046265, "marcoge_mf_17": 0.0, "marcoge_mf_18": 0.0, "marcoge_mf_19": 2.6873884201049805, "marcoge_mf_20": 1.1083769798278809, "marcoge_mf_21": 0.0, "marcoge_mf_22": 0.0, "marcoge_mf_23": 0.0, "marcoge_mf_24": 2.1976146697998047, "marcoge_mf_25": 0.0, "marcoge_mf_26": 0.2760389745235443, "marcoge_mf_27": 0.0, "marcoge_mf_28": 0.0, "marcoge_mf_29": 2.0930073261260986, "marcoge_mf_30": 0.054983582347631454, "marcoge_mf_31": 0.0, "marcoge_mf_32": 0.0, "marcoge_mf_33": 0.0, "marcoge_mf_34": 1.0975455045700073, "marcoge_mf_35": 0.0, "marcoge_mf_36": 0.0, "marcoge_mf_37": 0.0, "marcoge_mf_38": 1.8783841133117676, "marcoge_mf_39": 0.0, "marcoge_mf_40": 0.7007825374603271, "marcoge_mf_41": 0.0, "marcoge_mf_42": 0.0, "marcoge_mf_43": 0.0, "marcoge_mf_44": 0.0, "marcoge_mf_45": 0.0, "marcoge_mf_46": 0.0, "marcoge_mf_47": 0.0, "marcoge_mf_48": 0.0, "marcoge_mf_49": 2.1845972537994385, "marcoge_mf_50": 0.0, "marcoge_mf_51": 0.0, "marcoge_mf_52": 0.0, "marcoge_mf_53": 0.0, "marcoge_mf_54": 0.0, "marcoge_mf_55": 0.0, "marcoge_mf_56": 1.4306527376174927, "marcoge_mf_57": 0.0, "marcoge_mf_58": 0.0, "marcoge_mf_59": 0.0, "marcoge_mf_60": 0.0, "marcoge_mf_61": 0.0, "marcoge_mf_62": 0.0, "marcoge_mf_63": 1.3329436779022217, "marcoge_mf_64": 0.0, "marcoge_mf_65": 0.0, "marcoge_mf_66": 0.7611554861068726, "marcoge_mf_67": 0.0, "marcoge_mf_68": 2.0328867435455322, "marcoge_mf_69": 1.0382270812988281, "marcoge_mf_70": 0.0, "marcoge_mf_71": 0.9233403205871582, "marcoge_mf_72": 2.3905141353607178, "marcoge_mf_73": 0.0, "marcoge_mf_74": 0.0, "marcoge_mf_75": 0.0, "marcoge_mf_76": 0.0, "marcoge_mf_77": 0.0, "marcoge_mf_78": 1.1698105335235596, "marcoge_mf_79": 1.9370590448379517, "marcoge_mf_80": 0.0, "marcoge_mf_81": 1.489323377609253, "marcoge_mf_82": 0.0, "marcoge_mf_83": 1.3930151462554932, "marcoge_mf_84": 0.0, "marcoge_mf_85": 0.0, "marcoge_mf_86": 0.0, "marcoge_mf_87": 0.0, "marcoge_mf_88": 0.0, "marcoge_mf_89": 0.0, "marcoge_mf_90": 0.2502734065055847, "marcoge_mf_91": 1.2263059616088867, "marcoge_mf_92": 0.0, "marcoge_mf_93": 0.0, "marcoge_mf_94": 2.099473476409912, "marcoge_mf_95": 0.2977542579174042, "marcoge_mf_96": 0.0, "marcoge_mf_97": 0.0, "marcoge_mf_98": 0.0, "marcoge_mf_99": 0.0, "marcoge_mf_100": 0.0, "marcoge_mf_101": 0.0, "marcoge_mf_102": 0.0, "marcoge_mf_103": 0.0, "marcoge_mf_104": 1.541284441947937, "marcoge_mf_105": 2.567070245742798, "marcoge_mf_106": 2.6388654708862305, "marcoge_mf_107": 0.0, "marcoge_mf_108": 1.4197851419448853, "marcoge_mf_109": 0.9440073370933533, "marcoge_mf_110": 1.746368408203125, "marcoge_mf_111": 0.0, "marcoge_mf_112": 0.0, "marcoge_mf_113": 0.875365674495697, "marcoge_mf_114": 0.44510024785995483, "marcoge_mf_115": 0.0, "marcoge_mf_116": 1.1741721630096436, "marcoge_mf_117": 1.101914882659912, "marcoge_mf_118": 0.0, "marcoge_mf_119": 1.1159095764160156, "marcoge_mf_120": 0.0, "marcoge_mf_121": 2.0958516597747803, "marcoge_mf_122": 0.0,