{"log2_no_instances": 6.643856189774724, "log2_no_attributes": 1.0, "log10_no_instances": 4.605170185988092, "log10_no_attributes": 0.6931471805599453, "instances_to_features": 50.0, "log_instances_to_features": 3.912023005428146, "features_to_instances": 50.0, "log_features_to_instances": 3.912023005428146, "Hopkin's statistic": 0.9833083046960067, "pct_of_discrete_attributes": 0.0, "mean_entropy_of_discrete_attributes": 0, "mean_absolute_correlation_of_continuous_attributes": 0.48022034068763897, "mean_concentration_of_discrete_attributes": NaN, "pca_95_components_to_features_ratio": 1.0, "pca_first_component_skewness": 0.0, "pca_first_component_kurtosis": -2.0, "pct_of_outliers": 0.0, "pct_of_mv": 0.0, "min_skewness_of_continuous_attributes": -0.5007357935347396, "max_skewness_of_continuous_attributes": 0.6795971002649971, "mean_skewness_of_continuous_attributes": 0.08943065336512873, "std_skewness_of_continuous_attributes": 0.5901664468998684, "min_kurtosis_of_continuous_attributes": -0.5007357935347396, "max_kurtosis_of_continuous_attributes": 0.6795971002649971, "mean_kurtosis_of_continuous_attributes": 0.08943065336512873, "std_kurtosis_of_continuous_attributes": 0.5901664468998684, "t_squared_mv_normality": 0.33, "t_squared_skewness": 0.41770932383013115, "t_squared_outliers": 0.01, "meanshift_silhouette": 0.6469387858792705, "meanshift_dunn": 0.08773108330392844, "meanshift_cindex": 0.010128397397614257, "meanshift_calinski_harabasz": 1202.07900004347, "meanshift_davies_bouldin": 0.5004746019905295, "meanshift_sdbw": 0.12489182621069386, "meanshift_cdbw": null, "meanshift_tau": -2.2560649359700643e-06, "meanshift_ratkowsky_lance": 0.5403912884595162, "meanshift_mcclain_rao": 0.16310218374402025, "DBSCAN_silhouette": -0.37433719262707904, "DBSCAN_davies_bouldin": 1.186632830928863, "DBSCAN_calinski_harabasz": 6.11798642486012, "OPTICS_silhouette": -0.29398486893504744, "OPTICS_davies_bouldin": 1.0865006364818781, "OPTICS_calinski_harabasz": 8.81169929291794, "ferrari_distance_based": {"Mean": 7.931434880102671, "Variance": 36.03404711026649, "Standard deviation": 6.002836588669267, "Skewness": 0.20100715817135567, "Kurtosis": -1.7252512732362775, "% of values in [0, 0.1]": 0.00040404040404040404, "% of values in [0.1, 0.2]": 0.0036363636363636364, "% of values in [0.2, 0.3]": 0.0052525252525252525, "% of values in [0.3, 0.4]": 0.004646464646464647, "% of values in [0.4, 0.5]": 0.0044444444444444444, "% of values in [0.5, 0.6]": 0.007474747474747475, "% of values in [0.6, 0.7]": 0.009494949494949495, "% of values in [0.7, 0.8]": 0.01090909090909091, "% of values in [0.8, 0.9]": 0.00808080808080808, "% of values in [0.9, 1]": 0.009494949494949495, "% of values with |Z-score| in [0,1)": 0.1713131313131313, "% of values with |Z-score| in [1,2)": 0.27535353535353535, "% of values with |Z-score| in [2,3)": 0.0, "% of values with |Z-score| in [3, infinity)": 0.0}, "correlation_based": {"Mean": 0.004444444444444442, "Variance": 0.99998024691358, "Standard deviation": 0.9999901234080165, "Skewness": -0.00888897668168462, "Kurtosis": -1.9999209860935527, "% of values in [0, 0.1]": 0.49777777777777776, "% of values in [0.1, 0.2]": 0.0, "% of values in [0.2, 0.3]": 0.0, "% of values in [0.3, 0.4]": 0.0, "% of values in [0.4, 0.5]": 0.0, "% of values in [0.5, 0.6]": 0.0, "% of values in [0.6, 0.7]": 0.0, "% of values in [0.7, 0.8]": 0.0, "% of values in [0.8, 0.9]": 0.0, "% of values in [0.9, 1]": 0.5022222222222222, "% of values with |Z-score| in [0,1)": 0.5022222222222222, "% of values with |Z-score| in [1,2)": 0.0, "% of values with |Z-score| in [2,3)": 0.0, "% of values with |Z-score| in [3, infinity)": 0.0}, "correlation_and_distance": {"Mean": 0.42777221226612444, "Variance": 0.08666096006847032, "Standard deviation": 0.29438233654292223, "Skewness": 0.19148969185710188, "Kurtosis": -1.631866286283246, "% of values in [0, 0.1]": 0.12080808080808081, "% of values in [0.1, 0.2]": 0.22525252525252526, "% of values in [0.2, 0.3]": 0.1484848484848485, "% of values in [0.3, 0.4]": 0.05656565656565657, "% of values in [0.4, 0.5]": 0.0032323232323232323, "% of values in [0.5, 0.6]": 0.028484848484848484, "% of values in [0.6, 0.7]": 0.11696969696969697, "% of values in [0.7, 0.8]": 0.18606060606060607, "% of values in [0.8, 0.9]": 0.0995959595959596, "% of values in [0.9, 1]": 0.014545454545454545, "% of values with |Z-score| in [0,1)": 0.18525252525252525, "% of values with |Z-score| in [1,2)": 0.26202020202020204, "% of values with |Z-score| in [2,3)": 0.0, "% of values with |Z-score| in [3, infinity)": 0.0}, "marcoge": {"marcoge_mf_1": 2.3153014183044434, "marcoge_mf_2": 0.0, "marcoge_mf_3": 0.0, "marcoge_mf_4": 1.3275038003921509, "marcoge_mf_5": 0.0, "marcoge_mf_6": 0.0, "marcoge_mf_7": 0.0, "marcoge_mf_8": 0.0, "marcoge_mf_9": 0.0, "marcoge_mf_10": 0.0, "marcoge_mf_11": 0.0, "marcoge_mf_12": 0.0, "marcoge_mf_13": 0.0, "marcoge_mf_14": 2.642942428588867, "marcoge_mf_15": 0.025574009865522385, "marcoge_mf_16": 1.8766074180603027, "marcoge_mf_17": 0.0, "marcoge_mf_18": 0.0, "marcoge_mf_19": 2.7530407905578613, "marcoge_mf_20": 1.1227132081985474, "marcoge_mf_21": 0.0, "marcoge_mf_22": 0.0, "marcoge_mf_23": 0.0, "marcoge_mf_24": 2.2457799911499023, "marcoge_mf_25": 0.0, "marcoge_mf_26": 0.2866113483905792, "marcoge_mf_27": 0.0, "marcoge_mf_28": 0.0, "marcoge_mf_29": 2.137087106704712, "marcoge_mf_30": 0.03617654740810394, "marcoge_mf_31": 0.0, "marcoge_mf_32": 0.0, "marcoge_mf_33": 0.0, "marcoge_mf_34": 1.1225368976593018, "marcoge_mf_35": 0.0, "marcoge_mf_36": 0.0, "marcoge_mf_37": 0.0, "marcoge_mf_38": 1.936342477798462, "marcoge_mf_39": 0.0, "marcoge_mf_40": 0.7195229530334473, "marcoge_mf_41": 0.0, "marcoge_mf_42": 0.0, "marcoge_mf_43": 0.0, "marcoge_mf_44": 0.0, "marcoge_mf_45": 0.0, "marcoge_mf_46": 0.0, "marcoge_mf_47": 0.0, "marcoge_mf_48": 0.0, "marcoge_mf_49": 2.234013319015503, "marcoge_mf_50": 0.0, "marcoge_mf_51": 0.0, "marcoge_mf_52": 0.0, "marcoge_mf_53": 0.0, "marcoge_mf_54": 0.0, "marcoge_mf_55": 0.0, "marcoge_mf_56": 1.4671059846878052, "marcoge_mf_57": 0.0, "marcoge_mf_58": 0.0, "marcoge_mf_59": 0.0, "marcoge_mf_60": 0.0, "marcoge_mf_61": 0.0, "marcoge_mf_62": 0.0, "marcoge_mf_63": 1.3663685321807861, "marcoge_mf_64": 0.0, "marcoge_mf_65": 0.0, "marcoge_mf_66": 0.7575406432151794, "marcoge_mf_67": 0.0, "marcoge_mf_68": 2.065004348754883, "marcoge_mf_69": 1.070968747138977, "marcoge_mf_70": 0.0, "marcoge_mf_71": 0.9445638060569763, "marcoge_mf_72": 2.444760322570801, "marcoge_mf_73": 0.0, "marcoge_mf_74": 0.0, "marcoge_mf_75": 0.0, "marcoge_mf_76": 0.0, "marcoge_mf_77": 0.0, "marcoge_mf_78": 1.2073875665664673, "marcoge_mf_79": 1.9792629480361938, "marcoge_mf_80": 0.0, "marcoge_mf_81": 1.5191045999526978, "marcoge_mf_82": 0.0, "marcoge_mf_83": 1.4231758117675781, "marcoge_mf_84": 0.0, "marcoge_mf_85": 0.0, "marcoge_mf_86": 0.0, "marcoge_mf_87": 0.0, "marcoge_mf_88": 0.0, "marcoge_mf_89": 0.0, "marcoge_mf_90": 0.25393250584602356, "marcoge_mf_91": 1.2452560663223267, "marcoge_mf_92": 0.0, "marcoge_mf_93": 0.0, "marcoge_mf_94": 2.1468417644500732, "marcoge_mf_95": 0.31805798411369324, "marcoge_mf_96": 0.0, "marcoge_mf_97": 0.0, "marcoge_mf_98": 0.0, "marcoge_mf_99": 0.0, "marcoge_mf_100": 0.0, "marcoge_mf_101": 0.0, "marcoge_mf_102": 0.0, "marcoge_mf_103": 0.0, "marcoge_mf_104": 1.5672433376312256, "marcoge_mf_105": 2.6187148094177246, "marcoge_mf_106": 2.7002952098846436, "marcoge_mf_107": 0.0, "marcoge_mf_108": 1.4513487815856934, "marcoge_mf_109": 0.9808070659637451, "marcoge_mf_110": 1.7875738143920898, "marcoge_mf_111": 0.0, "marcoge_mf_112": 0.0, "marcoge_mf_113": 0.9070826172828674, "marcoge_mf_114": 0.44915610551834106, "marcoge_mf_115": 0.0, "marcoge_mf_116": 1.1788334846496582, "marcoge_mf_117": 1.1246658563613892, "marcoge_mf_118": 0.0, "marcoge_mf_119": 1.1347242593765259, "marcoge_mf_120": 0.0, "marcoge_mf_121": 2.1488752365112305, "marcoge_mf_122": 0.0, "marcoge_mf_123": 1.175304889678955, "marcoge_mf_124": 0.0,