{"log2_no_instances": 6.643856189774724, "log2_no_attributes": 1.0, "log10_no_instances": 4.605170185988092, "log10_no_attributes": 0.6931471805599453, "instances_to_features": 50.0, "log_instances_to_features": 3.912023005428146, "features_to_instances": 50.0, "log_features_to_instances": 3.912023005428146, "Hopkin's statistic": 0.9832890514170276, "pct_of_discrete_attributes": 0.0, "mean_entropy_of_discrete_attributes": 0, "mean_absolute_correlation_of_continuous_attributes": 0.6465344366981884, "mean_concentration_of_discrete_attributes": NaN, "pca_95_components_to_features_ratio": 0.5, "pca_first_component_skewness": 0.0, "pca_first_component_kurtosis": -2.0, "pct_of_outliers": 0.0, "pct_of_mv": 0.0, "min_skewness_of_continuous_attributes": -0.30257471076859627, "max_skewness_of_continuous_attributes": 0.3975870499375432, "mean_skewness_of_continuous_attributes": 0.04750616958447346, "std_skewness_of_continuous_attributes": 0.3500808803530697, "min_kurtosis_of_continuous_attributes": -0.30257471076859627, "max_kurtosis_of_continuous_attributes": 0.3975870499375432, "mean_kurtosis_of_continuous_attributes": 0.04750616958447346, "std_kurtosis_of_continuous_attributes": 0.3500808803530697, "t_squared_mv_normality": 0.31, "t_squared_skewness": 2.032709257416205, "t_squared_outliers": 0.01, "meanshift_silhouette": 0.7694002641152073, "meanshift_dunn": 0.48144501963754743, "meanshift_cindex": 0.000926399200469266, "meanshift_calinski_harabasz": 1151.503374321111, "meanshift_davies_bouldin": 0.3178118817073658, "meanshift_sdbw": 0.03127979063020043, "meanshift_cdbw": null, "meanshift_tau": 5.778205676117545e-08, "meanshift_ratkowsky_lance": 0.5310392704275545, "meanshift_mcclain_rao": 0.15906731703055835, "DBSCAN_silhouette": -0.10413733931193532, "DBSCAN_davies_bouldin": 1.533266351545237, "DBSCAN_calinski_harabasz": 17.14371612659545, "OPTICS_silhouette": -0.12655715447452873, "OPTICS_davies_bouldin": 1.2516144942199656, "OPTICS_calinski_harabasz": 29.62007118348844, "ferrari_distance_based": {"Mean": 7.1739438657791235, "Variance": 24.329673484652005, "Standard deviation": 4.932511883883505, "Skewness": 0.3018604865884736, "Kurtosis": -1.0996923054454102, "% of values in [0, 0.1]": 0.0006060606060606061, "% of values in [0.1, 0.2]": 0.0036363636363636364, "% of values in [0.2, 0.3]": 0.0044444444444444444, "% of values in [0.3, 0.4]": 0.0048484848484848485, "% of values in [0.4, 0.5]": 0.006464646464646465, "% of values in [0.5, 0.6]": 0.013131313131313131, "% of values in [0.6, 0.7]": 0.013939393939393939, "% of values in [0.7, 0.8]": 0.013333333333333334, "% of values in [0.8, 0.9]": 0.012323232323232323, "% of values in [0.9, 1]": 0.015151515151515152, "% of values with |Z-score| in [0,1)": 0.2680808080808081, "% of values with |Z-score| in [1,2)": 0.21555555555555556, "% of values with |Z-score| in [2,3)": 0.0014141414141414141, "% of values with |Z-score| in [3, infinity)": 0.0}, "correlation_based": {"Mean": NaN, "Variance": NaN, "Standard deviation": NaN, "Skewness": NaN, "Kurtosis": NaN, "% of values in [0, 0.1]": 0.48505050505050507, "% of values in [0.1, 0.2]": 0.0, "% of values in [0.2, 0.3]": 0.0, "% of values in [0.3, 0.4]": 0.0, "% of values in [0.4, 0.5]": 0.0, "% of values in [0.5, 0.6]": 0.0, "% of values in [0.6, 0.7]": 0.0, "% of values in [0.7, 0.8]": 0.0, "% of values in [0.8, 0.9]": 0.0, "% of values in [0.9, 1]": 0.47515151515151516, "% of values with |Z-score| in [0,1)": 0.0, "% of values with |Z-score| in [1,2)": 0.0, "% of values with |Z-score| in [2,3)": 0.0, "% of values with |Z-score| in [3, infinity)": 0.0}, "correlation_and_distance": {"Mean": NaN, "Variance": NaN, "Standard deviation": NaN, "Skewness": NaN, "Kurtosis": NaN, "% of values in [0, 0.1]": 0.11212121212121212, "% of values in [0.1, 0.2]": 0.15737373737373736, "% of values in [0.2, 0.3]": 0.08343434343434343, "% of values in [0.3, 0.4]": 0.10888888888888888, "% of values in [0.4, 0.5]": 0.1503030303030303, "% of values in [0.5, 0.6]": 0.10646464646464647, "% of values in [0.6, 0.7]": 0.05232323232323232, "% of values in [0.7, 0.8]": 0.08, "% of values in [0.8, 0.9]": 0.08343434343434343, "% of values in [0.9, 1]": 0.02585858585858586, "% of values with |Z-score| in [0,1)": 0.0, "% of values with |Z-score| in [1,2)": 0.0, "% of values with |Z-score| in [2,3)": 0.0, "% of values with |Z-score| in [3, infinity)": 0.0}, "marcoge": {"marcoge_mf_1": 2.32354998588562, "marcoge_mf_2": 0.0, "marcoge_mf_3": 0.0, "marcoge_mf_4": 1.3265968561172485, "marcoge_mf_5": 0.0, "marcoge_mf_6": 0.0, "marcoge_mf_7": 0.0, "marcoge_mf_8": 0.0, "marcoge_mf_9": 0.0, "marcoge_mf_10": 0.0, "marcoge_mf_11": 0.0, "marcoge_mf_12": 0.0, "marcoge_mf_13": 0.0, "marcoge_mf_14": 2.656789541244507, "marcoge_mf_15": 0.027655698359012604, "marcoge_mf_16": 1.8830780982971191, "marcoge_mf_17": 0.0, "marcoge_mf_18": 0.0, "marcoge_mf_19": 2.757185459136963, "marcoge_mf_20": 1.1495217084884644, "marcoge_mf_21": 0.0, "marcoge_mf_22": 0.0, "marcoge_mf_23": 0.0, "marcoge_mf_24": 2.249427556991577, "marcoge_mf_25": 0.0, "marcoge_mf_26": 0.2889541983604431, "marcoge_mf_27": 0.0, "marcoge_mf_28": 0.0, "marcoge_mf_29": 2.1501548290252686, "marcoge_mf_30": 0.05634336546063423, "marcoge_mf_31": 0.0, "marcoge_mf_32": 0.0, "marcoge_mf_33": 0.0, "marcoge_mf_34": 1.1227855682373047, "marcoge_mf_35": 0.0, "marcoge_mf_36": 0.0, "marcoge_mf_37": 0.0, "marcoge_mf_38": 1.9361306428909302, "marcoge_mf_39": 0.0, "marcoge_mf_40": 0.7222040295600891, "marcoge_mf_41": 0.0, "marcoge_mf_42": 0.0, "marcoge_mf_43": 0.0, "marcoge_mf_44": 0.0, "marcoge_mf_45": 0.0, "marcoge_mf_46": 0.0, "marcoge_mf_47": 0.0, "marcoge_mf_48": 0.0, "marcoge_mf_49": 2.2464382648468018, "marcoge_mf_50": 0.0, "marcoge_mf_51": 0.0, "marcoge_mf_52": 0.0, "marcoge_mf_53": 0.0, "marcoge_mf_54": 0.0, "marcoge_mf_55": 0.0, "marcoge_mf_56": 1.4755152463912964, "marcoge_mf_57": 0.0, "marcoge_mf_58": 0.0, "marcoge_mf_59": 0.0, "marcoge_mf_60": 0.0, "marcoge_mf_61": 0.0, "marcoge_mf_62": 0.0, "marcoge_mf_63": 1.3751497268676758, "marcoge_mf_64": 0.0, "marcoge_mf_65": 0.0, "marcoge_mf_66": 0.7524914741516113, "marcoge_mf_67": 0.0, "marcoge_mf_68": 2.081667184829712, "marcoge_mf_69": 1.069557547569275, "marcoge_mf_70": 0.0, "marcoge_mf_71": 0.9480483531951904, "marcoge_mf_72": 2.459322452545166, "marcoge_mf_73": 0.0, "marcoge_mf_74": 0.0, "marcoge_mf_75": 0.0, "marcoge_mf_76": 0.0, "marcoge_mf_77": 0.0, "marcoge_mf_78": 1.202528476715088, "marcoge_mf_79": 1.9916129112243652, "marcoge_mf_80": 0.0, "marcoge_mf_81": 1.5347923040390015, "marcoge_mf_82": 0.0, "marcoge_mf_83": 1.427192211151123, "marcoge_mf_84": 0.0, "marcoge_mf_85": 0.0, "marcoge_mf_86": 0.0, "marcoge_mf_87": 0.0, "marcoge_mf_88": 0.0, "marcoge_mf_89": 0.0, "marcoge_mf_90": 0.25508013367652893, "marcoge_mf_91": 1.2479740381240845, "marcoge_mf_92": 0.0, "marcoge_mf_93": 0.0, "marcoge_mf_94": 2.143864870071411, "marcoge_mf_95": 0.3217467963695526, "marcoge_mf_96": 0.0, "marcoge_mf_97": 0.0, "marcoge_mf_98": 0.0, "marcoge_mf_99": 0.0, "marcoge_mf_100": 0.0, "marcoge_mf_101": 0.0, "marcoge_mf_102": 0.0, "marcoge_mf_103": 0.0, "marcoge_mf_104": 1.5795702934265137, "marcoge_mf_105": 2.632066249847412, "marcoge_mf_106": 2.706840753555298, "marcoge_mf_107": 0.0, "marcoge_mf_108": 1.4566867351531982, "marcoge_mf_109": 0.9789576530456543, "marcoge_mf_110": 1.7981541156768799, "marcoge_mf_111": 0.0, "marcoge_mf_112": 0.0, "marcoge_mf_113": 0.9119146466255188, "marcoge_mf_114": 0.4555860459804535, "marcoge_mf_115": 0.0, "marcoge_mf_116": 1.1912094354629517, "marcoge_mf_117": 1.1194077730178833, "marcoge_mf_118": 0.0, "marcoge_mf_119": 1.1428534984588623, "marcoge_mf_120": 0.0, "marcoge_mf_121": 2.154536485671997, "marcoge_mf_122": 0.0, "marcoge_mf_123": 1.1728641986846924, "marcoge_mf_124": 0.0, "marcoge_mf_125": 1.3903120756149292, "marcoge_mf_126": 0.0, "marcoge_mf_127": 0.0759345069527626, "marcoge_mf_128": 1.2269601821899414, "marcoge_mf_129": 2.179682493209839, "marcoge_mf_130": 1.6929190158843994,