{"log2_no_instances": 6.643856189774724, "log2_no_attributes": 1.0, "log10_no_instances": 4.605170185988092, "log10_no_attributes": 0.6931471805599453, "instances_to_features": 50.0, "log_instances_to_features": 3.912023005428146, "features_to_instances": 50.0, "log_features_to_instances": 3.912023005428146, "Hopkin's statistic": 0.9864658207110213, "pct_of_discrete_attributes": 0.0, "mean_entropy_of_discrete_attributes": 0, "mean_absolute_correlation_of_continuous_attributes": 0.8911166064015191, "mean_concentration_of_discrete_attributes": NaN, "pca_95_components_to_features_ratio": 0.5, "pca_first_component_skewness": 0.0, "pca_first_component_kurtosis": -2.0, "pct_of_outliers": 0.0, "pct_of_mv": 0.0, "min_skewness_of_continuous_attributes": 0.2546910951798438, "max_skewness_of_continuous_attributes": 0.6598228269910591, "mean_skewness_of_continuous_attributes": 0.45725696108545144, "std_skewness_of_continuous_attributes": 0.20256586590560766, "min_kurtosis_of_continuous_attributes": 0.2546910951798438, "max_kurtosis_of_continuous_attributes": 0.6598228269910591, "mean_kurtosis_of_continuous_attributes": 0.45725696108545144, "std_kurtosis_of_continuous_attributes": 0.20256586590560766, "t_squared_mv_normality": 0.43, "t_squared_skewness": 1.7401792742249753, "t_squared_outliers": 0.01, "meanshift_silhouette": 0.8710936452184658, "meanshift_dunn": 1.8273397603329227, "meanshift_cindex": 1.122059352623053e-16, "meanshift_calinski_harabasz": 2058.6025032713806, "meanshift_davies_bouldin": 0.18037624578942577, "meanshift_sdbw": 0.035103488783160636, "meanshift_cdbw": null, "meanshift_tau": 0.00010101010101010101, "meanshift_ratkowsky_lance": 0.6590666554253302, "meanshift_mcclain_rao": 0.13086200758804006, "DBSCAN_silhouette": -0.04413091345386562, "DBSCAN_davies_bouldin": 1.1735350814695167, "DBSCAN_calinski_harabasz": 22.521332950772003, "OPTICS_silhouette": -0.03687834982718248, "OPTICS_davies_bouldin": 1.6305507792195941, "OPTICS_calinski_harabasz": 27.88332818564555, "ferrari_distance_based": {"Mean": 8.482123684369872, "Variance": 50.9129441705236, "Standard deviation": 7.135330698049223, "Skewness": 0.21803003955612285, "Kurtosis": -1.799102421218241, "% of values in [0, 0.1]": 0.00040404040404040404, "% of values in [0.1, 0.2]": 0.0036363636363636364, "% of values in [0.2, 0.3]": 0.00404040404040404, "% of values in [0.3, 0.4]": 0.011111111111111112, "% of values in [0.4, 0.5]": 0.008888888888888889, "% of values in [0.5, 0.6]": 0.01292929292929293, "% of values in [0.6, 0.7]": 0.014747474747474747, "% of values in [0.7, 0.8]": 0.01595959595959596, "% of values in [0.8, 0.9]": 0.01575757575757576, "% of values in [0.9, 1]": 0.015151515151515152, "% of values with |Z-score| in [0,1)": 0.17575757575757575, "% of values with |Z-score| in [1,2)": 0.2775757575757576, "% of values with |Z-score| in [2,3)": 0.0, "% of values with |Z-score| in [3, infinity)": 0.0}, "correlation_based": {"Mean": NaN, "Variance": NaN, "Standard deviation": NaN, "Skewness": NaN, "Kurtosis": NaN, "% of values in [0, 0.1]": 0.494949494949495, "% of values in [0.1, 0.2]": 0.0, "% of values in [0.2, 0.3]": 0.0, "% of values in [0.3, 0.4]": 0.0, "% of values in [0.4, 0.5]": 0.0, "% of values in [0.5, 0.6]": 0.0, "% of values in [0.6, 0.7]": 0.0, "% of values in [0.7, 0.8]": 0.0, "% of values in [0.8, 0.9]": 0.0, "% of values in [0.9, 1]": 0.48505050505050507, "% of values with |Z-score| in [0,1)": 0.0, "% of values with |Z-score| in [1,2)": 0.0, "% of values with |Z-score| in [2,3)": 0.0, "% of values with |Z-score| in [3, infinity)": 0.0}, "correlation_and_distance": {"Mean": NaN, "Variance": NaN, "Standard deviation": NaN, "Skewness": NaN, "Kurtosis": NaN, "% of values in [0, 0.1]": 0.17474747474747473, "% of values in [0.1, 0.2]": 0.28383838383838383, "% of values in [0.2, 0.3]": 0.07616161616161617, "% of values in [0.3, 0.4]": 0.0052525252525252525, "% of values in [0.4, 0.5]": 0.0, "% of values in [0.5, 0.6]": 0.022424242424242423, "% of values in [0.6, 0.7]": 0.13292929292929292, "% of values in [0.7, 0.8]": 0.1898989898989899, "% of values in [0.8, 0.9]": 0.08383838383838384, "% of values in [0.9, 1]": 0.01090909090909091, "% of values with |Z-score| in [0,1)": 0.0, "% of values with |Z-score| in [1,2)": 0.0, "% of values with |Z-score| in [2,3)": 0.0, "% of values with |Z-score| in [3, infinity)": 0.0}, "marcoge": {"marcoge_mf_1": 2.303591012954712, "marcoge_mf_2": 0.0, "marcoge_mf_3": 0.0, "marcoge_mf_4": 1.3265858888626099, "marcoge_mf_5": 0.0, "marcoge_mf_6": 0.0, "marcoge_mf_7": 0.0, "marcoge_mf_8": 0.0, "marcoge_mf_9": 0.0, "marcoge_mf_10": 0.0, "marcoge_mf_11": 0.0, "marcoge_mf_12": 0.0, "marcoge_mf_13": 0.0, "marcoge_mf_14": 2.6300079822540283, "marcoge_mf_15": 0.027093112468719482, "marcoge_mf_16": 1.8750802278518677, "marcoge_mf_17": 0.0, "marcoge_mf_18": 0.0, "marcoge_mf_19": 2.740978479385376, "marcoge_mf_20": 1.1327747106552124, "marcoge_mf_21": 0.0, "marcoge_mf_22": 0.0, "marcoge_mf_23": 0.0, "marcoge_mf_24": 2.2335755825042725, "marcoge_mf_25": 0.0, "marcoge_mf_26": 0.28871145844459534, "marcoge_mf_27": 0.0, "marcoge_mf_28": 0.0, "marcoge_mf_29": 2.1346874237060547, "marcoge_mf_30": 0.04825678467750549, "marcoge_mf_31": 0.0, "marcoge_mf_32": 0.0, "marcoge_mf_33": 0.0, "marcoge_mf_34": 1.11467707157135, "marcoge_mf_35": 0.0, "marcoge_mf_36": 0.0, "marcoge_mf_37": 0.0, "marcoge_mf_38": 1.913301944732666, "marcoge_mf_39": 0.0, "marcoge_mf_40": 0.7172927260398865, "marcoge_mf_41": 0.0, "marcoge_mf_42": 0.0, "marcoge_mf_43": 0.0, "marcoge_mf_44": 0.0, "marcoge_mf_45": 0.0, "marcoge_mf_46": 0.0, "marcoge_mf_47": 0.0, "marcoge_mf_48": 0.0, "marcoge_mf_49": 2.2306718826293945, "marcoge_mf_50": 0.0, "marcoge_mf_51": 0.0, "marcoge_mf_52": 0.0, "marcoge_mf_53": 0.0, "marcoge_mf_54": 0.0, "marcoge_mf_55": 0.0, "marcoge_mf_56": 1.4654555320739746, "marcoge_mf_57": 0.0, "marcoge_mf_58": 0.0, "marcoge_mf_59": 0.0, "marcoge_mf_60": 0.0, "marcoge_mf_61": 0.0, "marcoge_mf_62": 0.0, "marcoge_mf_63": 1.3695579767227173, "marcoge_mf_64": 0.0, "marcoge_mf_65": 0.0, "marcoge_mf_66": 0.7627086043357849, "marcoge_mf_67": 0.0, "marcoge_mf_68": 2.0660274028778076, "marcoge_mf_69": 1.054138422012329, "marcoge_mf_70": 0.0, "marcoge_mf_71": 0.9407492876052856, "marcoge_mf_72": 2.4457879066467285, "marcoge_mf_73": 0.0, "marcoge_mf_74": 0.0, "marcoge_mf_75": 0.0, "marcoge_mf_76": 0.0, "marcoge_mf_77": 0.0, "marcoge_mf_78": 1.1902140378952026, "marcoge_mf_79": 1.9800125360488892, "marcoge_mf_80": 0.0, "marcoge_mf_81": 1.5234284400939941, "marcoge_mf_82": 0.0, "marcoge_mf_83": 1.421595573425293, "marcoge_mf_84": 0.0, "marcoge_mf_85": 0.0, "marcoge_mf_86": 0.0, "marcoge_mf_87": 0.0, "marcoge_mf_88": 0.0, "marcoge_mf_89": 0.0, "marcoge_mf_90": 0.25095513463020325, "marcoge_mf_91": 1.237035870552063, "marcoge_mf_92": 0.0, "marcoge_mf_93": 0.0, "marcoge_mf_94": 2.138946294784546, "marcoge_mf_95": 0.30425113439559937, "marcoge_mf_96": 0.0, "marcoge_mf_97": 0.0, "marcoge_mf_98": 0.0, "marcoge_mf_99": 0.0, "marcoge_mf_100": 0.0, "marcoge_mf_101": 0.0, "marcoge_mf_102": 0.0, "marcoge_mf_103": 0.0, "marcoge_mf_104": 1.564968228340149, "marcoge_mf_105": 2.616075038909912, "marcoge_mf_106": 2.697336435317993, "marcoge_mf_107": 0.0, "marcoge_mf_108": 1.449695110321045, "marcoge_mf_109": 0.9731406569480896, "marcoge_mf_110": 1.785524606704712, "marcoge_mf_111": 0.0, "marcoge_mf_112": 0.0, "marcoge_mf_113": 0.9011439681053162, "marcoge_mf_114": 0.4513116478919983, "marcoge_mf_115": 0.0, "marcoge_mf_116": 1.175866723060608, "marcoge_mf_117": 1.1049779653549194, "marcoge_mf_118": 0.0, "marcoge_mf_119": 1.1346510648727417, "marcoge_mf_120": 0.0, "marcoge_mf_121": 2.1354949474334717, "marcoge_mf_122": 0.0, "marcoge_mf_123": 1.164554238319397, "marcoge_mf_124": 0.0, "marcoge_mf_125": 1.378373146057129, "marcoge_mf_126": 0.0, "marcoge_mf_127": 0.06757016479969025, "marcoge_mf_128": 1.2161052227020264, "marcoge_mf_129": 2.1643869876861572, "marcoge_mf_130": 1.6814695596694946, "marcoge_mf_131": 0.0,