{"log2_no_instances": 6.643856189774724, "log2_no_attributes": 1.0, "log10_no_instances": 4.605170185988092, "log10_no_attributes": 0.6931471805599453, "instances_to_features": 50.0, "log_instances_to_features": 3.912023005428146, "features_to_instances": 50.0, "log_features_to_instances": 3.912023005428146, "Hopkin's statistic": 0.981179965422559, "pct_of_discrete_attributes": 0.0, "mean_entropy_of_discrete_attributes": 0, "mean_absolute_correlation_of_continuous_attributes": 0.7788045069745059, "mean_concentration_of_discrete_attributes": NaN, "pca_95_components_to_features_ratio": 1.0, "pca_first_component_skewness": 0.0, "pca_first_component_kurtosis": -2.0, "pct_of_outliers": 0.0, "pct_of_mv": 0.0, "min_skewness_of_continuous_attributes": -0.20903732179674406, "max_skewness_of_continuous_attributes": 0.6947955921398561, "mean_skewness_of_continuous_attributes": 0.24287913517155602, "std_skewness_of_continuous_attributes": 0.4519164569683001, "min_kurtosis_of_continuous_attributes": -0.20903732179674406, "max_kurtosis_of_continuous_attributes": 0.6947955921398561, "mean_kurtosis_of_continuous_attributes": 0.24287913517155602, "std_kurtosis_of_continuous_attributes": 0.4519164569683001, "t_squared_mv_normality": 0.25, "t_squared_skewness": 1.8557651634029972, "t_squared_outliers": 0.01, "meanshift_silhouette": 0.7762816972697422, "meanshift_dunn": 0.4712495918195804, "meanshift_cindex": 0.0012323910340512056, "meanshift_calinski_harabasz": 1185.4244027659925, "meanshift_davies_bouldin": 0.3052068853121502, "meanshift_sdbw": 0.040043914434574675, "meanshift_cdbw": null, "meanshift_tau": 3.442933450219893e-08, "meanshift_ratkowsky_lance": 0.5658261367788744, "meanshift_mcclain_rao": 0.15411595203289152, "DBSCAN_silhouette": -0.24465460835875824, "DBSCAN_davies_bouldin": 1.4853539849942812, "DBSCAN_calinski_harabasz": 9.153455512751915, "OPTICS_silhouette": -0.22820313511368417, "OPTICS_davies_bouldin": 1.9248707656700936, "OPTICS_calinski_harabasz": 11.906952505644293, "ferrari_distance_based": {"Mean": 8.120083999825749, "Variance": 29.96128838192915, "Standard deviation": 5.473690563224154, "Skewness": 0.1098710077618942, "Kurtosis": -1.3533958624876417, "% of values in [0, 0.1]": 0.0008080808080808081, "% of values in [0.1, 0.2]": 0.0026262626262626263, "% of values in [0.2, 0.3]": 0.0052525252525252525, "% of values in [0.3, 0.4]": 0.006262626262626263, "% of values in [0.4, 0.5]": 0.0056565656565656566, "% of values in [0.5, 0.6]": 0.009494949494949495, "% of values in [0.6, 0.7]": 0.007474747474747475, "% of values in [0.7, 0.8]": 0.011515151515151515, "% of values in [0.8, 0.9]": 0.013737373737373737, "% of values in [0.9, 1]": 0.015555555555555555, "% of values with |Z-score| in [0,1)": 0.26464646464646463, "% of values with |Z-score| in [1,2)": 0.2175757575757576, "% of values with |Z-score| in [2,3)": 0.0026262626262626263, "% of values with |Z-score| in [3, infinity)": 0.0}, "correlation_based": {"Mean": NaN, "Variance": NaN, "Standard deviation": NaN, "Skewness": NaN, "Kurtosis": NaN, "% of values in [0, 0.1]": 0.4622222222222222, "% of values in [0.1, 0.2]": 0.0, "% of values in [0.2, 0.3]": 0.0, "% of values in [0.3, 0.4]": 0.0, "% of values in [0.4, 0.5]": 0.0, "% of values in [0.5, 0.6]": 0.0, "% of values in [0.6, 0.7]": 0.0, "% of values in [0.7, 0.8]": 0.0, "% of values in [0.8, 0.9]": 0.0, "% of values in [0.9, 1]": 0.458989898989899, "% of values with |Z-score| in [0,1)": 0.0, "% of values with |Z-score| in [1,2)": 0.0, "% of values with |Z-score| in [2,3)": 0.0, "% of values with |Z-score| in [3, infinity)": 0.0}, "correlation_and_distance": {"Mean": NaN, "Variance": NaN, "Standard deviation": NaN, "Skewness": NaN, "Kurtosis": NaN, "% of values in [0, 0.1]": 0.11070707070707071, "% of values in [0.1, 0.2]": 0.16424242424242425, "% of values in [0.2, 0.3]": 0.08141414141414141, "% of values in [0.3, 0.4]": 0.09858585858585858, "% of values in [0.4, 0.5]": 0.08262626262626263, "% of values in [0.5, 0.6]": 0.1008080808080808, "% of values in [0.6, 0.7]": 0.1193939393939394, "% of values in [0.7, 0.8]": 0.10262626262626262, "% of values in [0.8, 0.9]": 0.051515151515151514, "% of values in [0.9, 1]": 0.009292929292929294, "% of values with |Z-score| in [0,1)": 0.0, "% of values with |Z-score| in [1,2)": 0.0, "% of values with |Z-score| in [2,3)": 0.0, "% of values with |Z-score| in [3, infinity)": 0.0}, "marcoge": {"marcoge_mf_1": 2.3132753372192383, "marcoge_mf_2": 0.0, "marcoge_mf_3": 0.0, "marcoge_mf_4": 1.316534399986267, "marcoge_mf_5": 0.0, "marcoge_mf_6": 0.0, "marcoge_mf_7": 0.0, "marcoge_mf_8": 0.0, "marcoge_mf_9": 0.0, "marcoge_mf_10": 0.0, "marcoge_mf_11": 0.0, "marcoge_mf_12": 0.0, "marcoge_mf_13": 0.0, "marcoge_mf_14": 2.6375510692596436, "marcoge_mf_15": 0.024029653519392014, "marcoge_mf_16": 1.863374948501587, "marcoge_mf_17": 0.0, "marcoge_mf_18": 0.0, "marcoge_mf_19": 2.747250556945801, "marcoge_mf_20": 1.1279616355895996, "marcoge_mf_21": 0.0, "marcoge_mf_22": 0.0, "marcoge_mf_23": 0.0, "marcoge_mf_24": 2.245633602142334, "marcoge_mf_25": 0.0, "marcoge_mf_26": 0.2888738214969635, "marcoge_mf_27": 0.0, "marcoge_mf_28": 0.0, "marcoge_mf_29": 2.135341167449951, "marcoge_mf_30": 0.048800092190504074, "marcoge_mf_31": 0.0, "marcoge_mf_32": 0.0, "marcoge_mf_33": 0.0, "marcoge_mf_34": 1.1179317235946655, "marcoge_mf_35": 0.0, "marcoge_mf_36": 0.0, "marcoge_mf_37": 0.0, "marcoge_mf_38": 1.9175333976745605, "marcoge_mf_39": 0.0, "marcoge_mf_40": 0.7143393158912659, "marcoge_mf_41": 0.0, "marcoge_mf_42": 0.0, "marcoge_mf_43": 0.0, "marcoge_mf_44": 0.0, "marcoge_mf_45": 0.0, "marcoge_mf_46": 0.0, "marcoge_mf_47": 0.0, "marcoge_mf_48": 0.0, "marcoge_mf_49": 2.2300384044647217, "marcoge_mf_50": 0.0, "marcoge_mf_51": 0.0, "marcoge_mf_52": 0.0, "marcoge_mf_53": 0.0, "marcoge_mf_54": 0.0, "marcoge_mf_55": 0.0, "marcoge_mf_56": 1.467991828918457, "marcoge_mf_57": 0.0, "marcoge_mf_58": 0.0, "marcoge_mf_59": 0.0, "marcoge_mf_60": 0.0, "marcoge_mf_61": 0.0, "marcoge_mf_62": 0.0, "marcoge_mf_63": 1.3685657978057861, "marcoge_mf_64": 0.0, "marcoge_mf_65": 0.0, "marcoge_mf_66": 0.7618740797042847, "marcoge_mf_67": 0.0, "marcoge_mf_68": 2.075113534927368, "marcoge_mf_69": 1.0513347387313843, "marcoge_mf_70": 0.0, "marcoge_mf_71": 0.9360784888267517, "marcoge_mf_72": 2.4512741565704346, "marcoge_mf_73": 0.0, "marcoge_mf_74": 0.0, "marcoge_mf_75": 0.0, "marcoge_mf_76": 0.0, "marcoge_mf_77": 0.0, "marcoge_mf_78": 1.1905145645141602, "marcoge_mf_79": 1.9791172742843628, "marcoge_mf_80": 0.0, "marcoge_mf_81": 1.5299721956253052, "marcoge_mf_82": 0.0, "marcoge_mf_83": 1.4251726865768433, "marcoge_mf_84": 0.0, "marcoge_mf_85": 0.0, "marcoge_mf_86": 0.0, "marcoge_mf_87": 0.0, "marcoge_mf_88": 0.0, "marcoge_mf_89": 0.0, "marcoge_mf_90": 0.25510895252227783, "marcoge_mf_91": 1.2422611713409424, "marcoge_mf_92": 0.0, "marcoge_mf_93": 0.0, "marcoge_mf_94": 2.1493663787841797, "marcoge_mf_95": 0.3072163164615631, "marcoge_mf_96": 0.0, "marcoge_mf_97": 0.0, "marcoge_mf_98": 0.0, "marcoge_mf_99": 0.0, "marcoge_mf_100": 0.0, "marcoge_mf_101": 0.0, "marcoge_mf_102": 0.0, "marcoge_mf_103": 0.0, "marcoge_mf_104": 1.5661330223083496, "marcoge_mf_105": 2.619983434677124, "marcoge_mf_106": 2.7065353393554688, "marcoge_mf_107": 0.0, "marcoge_mf_108": 1.4536526203155518, "marcoge_mf_109": 0.9757726788520813, "marcoge_mf_110": 1.7846555709838867, "marcoge_mf_111": 0.0, "marcoge_mf_112": 0.0, "marcoge_mf_113": 0.907935619354248, "marcoge_mf_114": 0.45294779539108276, "marcoge_mf_115": 0.0, "marcoge_mf_116": 1.1860496997833252, "marcoge_mf_117": 1.1196545362472534, "marcoge_mf_118": 0.0, "marcoge_mf_119": 1.1359230279922485, "marcoge_mf_120": 0.0, "marcoge_mf_121": 2.1402997970581055, "marcoge_mf_122": 0.0, "marcoge_mf_123": 1.170084834098816, "marcoge_mf_124": 0.0, "marcoge_mf_125": 1.3879389762878418, "marcoge_mf_126": 0.0, "marcoge_mf_127": 0.07186467945575714, "marcoge_mf_128": 1.2221606969833374, "marcoge_mf_129": 2.1680855751037598,