{"log2_no_instances": 6.643856189774724, "log2_no_attributes": 1.584962500721156, "log10_no_instances": 4.605170185988092, "log10_no_attributes": 1.0986122886681098, "instances_to_features": 33.333333333333336, "log_instances_to_features": 3.506557897319982, "features_to_instances": 33.333333333333336, "log_features_to_instances": 3.506557897319982, "Hopkin's statistic": 0.987522186277086, "pct_of_discrete_attributes": 0.0, "mean_entropy_of_discrete_attributes": 0, "mean_absolute_correlation_of_continuous_attributes": 0.7110961446436456, "mean_concentration_of_discrete_attributes": NaN, "pca_95_components_to_features_ratio": 0.6666666666666666, "pca_first_component_skewness": -0.6972037290631912, "pca_first_component_kurtosis": -1.4999999999999996, "pct_of_outliers": 0.0, "pct_of_mv": 0.0, "min_skewness_of_continuous_attributes": -0.6373519426308735, "max_skewness_of_continuous_attributes": 0.643428580947733, "mean_skewness_of_continuous_attributes": -0.003934606594829966, "std_skewness_of_continuous_attributes": 0.522969439817952, "min_kurtosis_of_continuous_attributes": -0.6373519426308735, "max_kurtosis_of_continuous_attributes": 0.643428580947733, "mean_kurtosis_of_continuous_attributes": -0.003934606594829966, "std_kurtosis_of_continuous_attributes": 0.522969439817952, "t_squared_mv_normality": 0.37, "t_squared_skewness": 0.6307239300465082, "t_squared_outliers": 0.01, "meanshift_silhouette": 0.743265799664024, "meanshift_dunn": 0.6641955375217621, "meanshift_cindex": 0.00046063995605713097, "meanshift_calinski_harabasz": 715.0330968016344, "meanshift_davies_bouldin": 0.3660691641533454, "meanshift_sdbw": 0.060515572767484954, "meanshift_cdbw": null, "meanshift_tau": 8.533302122401292e-08, "meanshift_ratkowsky_lance": 0.5558127548030399, "meanshift_mcclain_rao": 0.2024476527835381, "DBSCAN_silhouette": null, "DBSCAN_davies_bouldin": null, "DBSCAN_calinski_harabasz": null, "OPTICS_silhouette": -0.2347742777357839, "OPTICS_davies_bouldin": 1.1848414018978983, "OPTICS_calinski_harabasz": 11.643325768169747, "ferrari_distance_based": {"Mean": 7.757459018682471, "Variance": 20.624525123716303, "Standard deviation": 4.541423248687167, "Skewness": -0.05867684336473232, "Kurtosis": -1.2701670354488126, "% of values in [0, 0.1]": 0.0, "% of values in [0.1, 0.2]": 0.0, "% of values in [0.2, 0.3]": 0.00020202020202020202, "% of values in [0.3, 0.4]": 0.0008080808080808081, "% of values in [0.4, 0.5]": 0.0016161616161616162, "% of values in [0.5, 0.6]": 0.0024242424242424242, "% of values in [0.6, 0.7]": 0.0044444444444444444, "% of values in [0.7, 0.8]": 0.005050505050505051, "% of values in [0.8, 0.9]": 0.006262626262626263, "% of values in [0.9, 1]": 0.007676767676767677, "% of values with |Z-score| in [0,1)": 0.35818181818181816, "% of values with |Z-score| in [1,2)": 0.1985858585858586, "% of values with |Z-score| in [2,3)": 0.0018181818181818182, "% of values with |Z-score| in [3, infinity)": 0.0}, "correlation_based": {"Mean": -0.008827505539940732, "Variance": 0.4952251054489726, "Standard deviation": 0.7037223212666859, "Skewness": 0.012839745930171627, "Kurtosis": -1.492085729024284, "% of values in [0, 0.1]": 0.541010101010101, "% of values in [0.1, 0.2]": 0.0, "% of values in [0.2, 0.3]": 0.0, "% of values in [0.3, 0.4]": 0.0, "% of values in [0.4, 0.5]": 0.2593939393939394, "% of values in [0.5, 0.6]": 0.005050505050505051, "% of values in [0.6, 0.7]": 0.0, "% of values in [0.7, 0.8]": 0.0, "% of values in [0.8, 0.9]": 0.0694949494949495, "% of values in [0.9, 1]": 0.12505050505050505, "% of values with |Z-score| in [0,1)": 0.3375757575757576, "% of values with |Z-score| in [1,2)": 0.19454545454545455, "% of values with |Z-score| in [2,3)": 0.0, "% of values with |Z-score| in [3, infinity)": 0.0}, "correlation_and_distance": {"Mean": 0.45450006072889193, "Variance": 0.0598819979862222, "Standard deviation": 0.2447079851296688, "Skewness": -0.05300471498532904, "Kurtosis": -1.2057446160032637, "% of values in [0, 0.1]": 0.06222222222222222, "% of values in [0.1, 0.2]": 0.1903030303030303, "% of values in [0.2, 0.3]": 0.07898989898989899, "% of values in [0.3, 0.4]": 0.05131313131313131, "% of values in [0.4, 0.5]": 0.14303030303030304, "% of values in [0.5, 0.6]": 0.16, "% of values in [0.6, 0.7]": 0.12121212121212122, "% of values in [0.7, 0.8]": 0.11414141414141414, "% of values in [0.8, 0.9]": 0.06888888888888889, "% of values in [0.9, 1]": 0.009898989898989899, "% of values with |Z-score| in [0,1)": 0.35535353535353537, "% of values with |Z-score| in [1,2)": 0.1894949494949495, "% of values with |Z-score| in [2,3)": 0.0036363636363636364, "% of values with |Z-score| in [3, infinity)": 0.0}, "marcoge": {"marcoge_mf_1": 2.3017704486846924, "marcoge_mf_2": 0.0, "marcoge_mf_3": 0.0, "marcoge_mf_4": 1.3216453790664673, "marcoge_mf_5": 0.0, "marcoge_mf_6": 0.0, "marcoge_mf_7": 0.0, "marcoge_mf_8": 0.0, "marcoge_mf_9": 0.0, "marcoge_mf_10": 0.0, "marcoge_mf_11": 0.0, "marcoge_mf_12": 0.0, "marcoge_mf_13": 0.0, "marcoge_mf_14": 2.6342458724975586, "marcoge_mf_15": 0.02831334061920643, "marcoge_mf_16": 1.857782244682312, "marcoge_mf_17": 0.0, "marcoge_mf_18": 0.0, "marcoge_mf_19": 2.7369747161865234, "marcoge_mf_20": 1.119946002960205, "marcoge_mf_21": 0.0, "marcoge_mf_22": 0.0, "marcoge_mf_23": 0.0, "marcoge_mf_24": 2.2316854000091553, "marcoge_mf_25": 0.0, "marcoge_mf_26": 0.2793852984905243, "marcoge_mf_27": 0.0, "marcoge_mf_28": 0.0, "marcoge_mf_29": 2.117558002471924, "marcoge_mf_30": 0.04405372217297554, "marcoge_mf_31": 0.0, "marcoge_mf_32": 0.0, "marcoge_mf_33": 0.0, "marcoge_mf_34": 1.1154803037643433, "marcoge_mf_35": 0.0, "marcoge_mf_36": 0.0, "marcoge_mf_37": 0.0, "marcoge_mf_38": 1.9157809019088745, "marcoge_mf_39": 0.0, "marcoge_mf_40": 0.7145176529884338, "marcoge_mf_41": 0.0, "marcoge_mf_42": 0.0, "marcoge_mf_43": 0.0, "marcoge_mf_44": 0.0, "marcoge_mf_45": 0.0, "marcoge_mf_46": 0.0, "marcoge_mf_47": 0.0, "marcoge_mf_48": 0.0, "marcoge_mf_49": 2.2253942489624023, "marcoge_mf_50": 0.0, "marcoge_mf_51": 0.0, "marcoge_mf_52": 0.0, "marcoge_mf_53": 0.0, "marcoge_mf_54": 0.0, "marcoge_mf_55": 0.0, "marcoge_mf_56": 1.4601558446884155, "marcoge_mf_57": 0.0, "marcoge_mf_58": 0.0, "marcoge_mf_59": 0.0, "marcoge_mf_60": 0.0, "marcoge_mf_61": 0.0, "marcoge_mf_62": 0.0, "marcoge_mf_63": 1.367429256439209, "marcoge_mf_64": 0.0, "marcoge_mf_65": 0.0, "marcoge_mf_66": 0.7693299055099487, "marcoge_mf_67": 0.0, "marcoge_mf_68": 2.0644679069519043, "marcoge_mf_69": 1.0576421022415161, "marcoge_mf_70": 0.0, "marcoge_mf_71": 0.9384620785713196, "marcoge_mf_72": 2.4289228916168213, "marcoge_mf_73": 0.0, "marcoge_mf_74": 0.0, "marcoge_mf_75": 0.0, "marcoge_mf_76": 0.0, "marcoge_mf_77": 0.0, "marcoge_mf_78": 1.1941287517547607, "marcoge_mf_79": 1.960554599761963, "marcoge_mf_80": 0.0, "marcoge_mf_81": 1.5177401304244995, "marcoge_mf_82": 0.0, "marcoge_mf_83": 1.4268842935562134, "marcoge_mf_84": 0.0, "marcoge_mf_85": 0.0, "marcoge_mf_86": 0.0, "marcoge_mf_87": 0.0, "marcoge_mf_88": 0.0, "marcoge_mf_89": 0.0, "marcoge_mf_90": 0.25809600949287415, "marcoge_mf_91": 1.2341248989105225, "marcoge_mf_92": 0.0, "marcoge_mf_93": 0.0, "marcoge_mf_94": 2.1339914798736572, "marcoge_mf_95": 0.31259453296661377, "marcoge_mf_96": 0.0, "marcoge_mf_97": 0.0, "marcoge_mf_98": 0.0, "marcoge_mf_99": 0.0, "marcoge_mf_100": 0.0, "marcoge_mf_101": 0.0, "marcoge_mf_102": 0.0, "marcoge_mf_103": 0.0, "marcoge_mf_104": 1.5601067543029785, "marcoge_mf_105": 2.612015962600708, "marcoge_mf_106": 2.6903045177459717, "marcoge_mf_107": 0.0, "marcoge_mf_108": 1.4426292181015015, "marcoge_mf_109": 0.9664504528045654, "marcoge_mf_110": 1.780648946762085, "marcoge_mf_111": 0.0, "marcoge_mf_112": 0.0, "marcoge_mf_113": 0.9018783569335938, "marcoge_mf_114": 0.4515461325645447, "marcoge_mf_115": 0.0, "marcoge_mf_116": 1.1780822277069092, "marcoge_mf_117": 1.1157557964324951, "marcoge_mf_118": 0.0, "marcoge_mf_119": 1.12654709815979, "marcoge_mf_120": 0.0, "marcoge_mf_121": 2.1362388134002686,