{"log2_no_instances": 6.643856189774724, "log2_no_attributes": 1.0, "log10_no_instances": 4.605170185988092, "log10_no_attributes": 0.6931471805599453, "instances_to_features": 50.0, "log_instances_to_features": 3.912023005428146, "features_to_instances": 50.0, "log_features_to_instances": 3.912023005428146, "Hopkin's statistic": 0.9774534135995493, "pct_of_discrete_attributes": 0.0, "mean_entropy_of_discrete_attributes": 0, "mean_absolute_correlation_of_continuous_attributes": 0.014597299395102644, "mean_concentration_of_discrete_attributes": NaN, "pca_95_components_to_features_ratio": 1.0, "pca_first_component_skewness": -7.023355071998107e-16, "pca_first_component_kurtosis": -1.9999999999999998, "pct_of_outliers": 0.0, "pct_of_mv": 0.0, "min_skewness_of_continuous_attributes": 0.1546091003724316, "max_skewness_of_continuous_attributes": 0.6959095975346691, "mean_skewness_of_continuous_attributes": 0.42525934895355033, "std_skewness_of_continuous_attributes": 0.27065024858111875, "min_kurtosis_of_continuous_attributes": 0.1546091003724316, "max_kurtosis_of_continuous_attributes": 0.6959095975346691, "mean_kurtosis_of_continuous_attributes": 0.42525934895355033, "std_kurtosis_of_continuous_attributes": 0.27065024858111875, "t_squared_mv_normality": 0.12, "t_squared_skewness": 0.874150138230441, "t_squared_outliers": 0.01, "meanshift_silhouette": 0.839373234207508, "meanshift_dunn": 0.9560587497379647, "meanshift_cindex": 8.977109273640492e-06, "meanshift_calinski_harabasz": 2017.5545959757562, "meanshift_davies_bouldin": 0.22525378872601565, "meanshift_sdbw": 0.02008927233992627, "meanshift_cdbw": null, "meanshift_tau": 1.532545825936204e-07, "meanshift_ratkowsky_lance": 0.5669759941846853, "meanshift_mcclain_rao": 0.11794960663616416, "DBSCAN_silhouette": -0.014961248543175066, "DBSCAN_davies_bouldin": 1.0430422374767396, "DBSCAN_calinski_harabasz": 7.836366376317719, "OPTICS_silhouette": -0.09054349414772231, "OPTICS_davies_bouldin": 1.0080763556492194, "OPTICS_calinski_harabasz": 16.70600767984501, "ferrari_distance_based": {"Mean": 11.173322169104814, "Variance": 55.89467349190039, "Standard deviation": 7.4762740380419705, "Skewness": -0.14061854283215158, "Kurtosis": -1.5714123377433702, "% of values in [0, 0.1]": 0.0014141414141414141, "% of values in [0.1, 0.2]": 0.00202020202020202, "% of values in [0.2, 0.3]": 0.0036363636363636364, "% of values in [0.3, 0.4]": 0.004242424242424243, "% of values in [0.4, 0.5]": 0.005454545454545455, "% of values in [0.5, 0.6]": 0.00808080808080808, "% of values in [0.6, 0.7]": 0.008484848484848486, "% of values in [0.7, 0.8]": 0.011717171717171718, "% of values in [0.8, 0.9]": 0.010707070707070707, "% of values in [0.9, 1]": 0.009898989898989899, "% of values with |Z-score| in [0,1)": 0.2547474747474747, "% of values with |Z-score| in [1,2)": 0.2290909090909091, "% of values with |Z-score| in [2,3)": 0.0, "% of values with |Z-score| in [3, infinity)": 0.0}, "correlation_based": {"Mean": -0.006464646464646467, "Variance": 0.999958208346087, "Standard deviation": 0.9999791039547211, "Skewness": 0.012929563106028961, "Kurtosis": -1.9998328263978877, "% of values in [0, 0.1]": 0.5032323232323233, "% of values in [0.1, 0.2]": 0.0, "% of values in [0.2, 0.3]": 0.0, "% of values in [0.3, 0.4]": 0.0, "% of values in [0.4, 0.5]": 0.0, "% of values in [0.5, 0.6]": 0.0, "% of values in [0.6, 0.7]": 0.0, "% of values in [0.7, 0.8]": 0.0, "% of values in [0.8, 0.9]": 0.0, "% of values in [0.9, 1]": 0.49676767676767675, "% of values with |Z-score| in [0,1)": 0.0, "% of values with |Z-score| in [1,2)": 0.49676767676767675, "% of values with |Z-score| in [2,3)": 0.0, "% of values with |Z-score| in [3, infinity)": 0.0}, "correlation_and_distance": {"Mean": 0.4695857397921395, "Variance": 0.08556846871454855, "Standard deviation": 0.2925208859458561, "Skewness": -0.13830797608118925, "Kurtosis": -1.517442318385297, "% of values in [0, 0.1]": 0.1486868686868687, "% of values in [0.1, 0.2]": 0.16080808080808082, "% of values in [0.2, 0.3]": 0.028484848484848484, "% of values in [0.3, 0.4]": 0.07292929292929293, "% of values in [0.4, 0.5]": 0.11818181818181818, "% of values in [0.5, 0.6]": 0.031313131313131314, "% of values in [0.6, 0.7]": 0.09232323232323232, "% of values in [0.7, 0.8]": 0.2109090909090909, "% of values in [0.8, 0.9]": 0.12242424242424242, "% of values in [0.9, 1]": 0.013939393939393939, "% of values with |Z-score| in [0,1)": 0.2804040404040404, "% of values with |Z-score| in [1,2)": 0.21454545454545454, "% of values with |Z-score| in [2,3)": 0.0, "% of values with |Z-score| in [3, infinity)": 0.0}, "marcoge": {"marcoge_mf_1": 2.3130428791046143, "marcoge_mf_2": 0.0, "marcoge_mf_3": 0.0, "marcoge_mf_4": 1.322771430015564, "marcoge_mf_5": 0.0, "marcoge_mf_6": 0.0, "marcoge_mf_7": 0.0, "marcoge_mf_8": 0.0, "marcoge_mf_9": 0.0, "marcoge_mf_10": 0.0, "marcoge_mf_11": 0.0, "marcoge_mf_12": 0.0, "marcoge_mf_13": 0.0, "marcoge_mf_14": 2.6374807357788086, "marcoge_mf_15": 0.01883198879659176, "marcoge_mf_16": 1.8757050037384033, "marcoge_mf_17": 0.0, "marcoge_mf_18": 0.0, "marcoge_mf_19": 2.753970146179199, "marcoge_mf_20": 1.1369987726211548, "marcoge_mf_21": 0.0, "marcoge_mf_22": 0.0, "marcoge_mf_23": 0.0, "marcoge_mf_24": 2.2399070262908936, "marcoge_mf_25": 0.0, "marcoge_mf_26": 0.2881796360015869, "marcoge_mf_27": 0.0, "marcoge_mf_28": 0.0, "marcoge_mf_29": 2.130270481109619, "marcoge_mf_30": 0.04363923892378807, "marcoge_mf_31": 0.0, "marcoge_mf_32": 0.0, "marcoge_mf_33": 0.0, "marcoge_mf_34": 1.1141138076782227, "marcoge_mf_35": 0.0, "marcoge_mf_36": 0.0, "marcoge_mf_37": 0.0, "marcoge_mf_38": 1.924460768699646, "marcoge_mf_39": 0.0, "marcoge_mf_40": 0.715027391910553, "marcoge_mf_41": 0.0, "marcoge_mf_42": 0.0, "marcoge_mf_43": 0.0, "marcoge_mf_44": 0.0, "marcoge_mf_45": 0.0, "marcoge_mf_46": 0.0, "marcoge_mf_47": 0.0, "marcoge_mf_48": 0.0, "marcoge_mf_49": 2.2385969161987305, "marcoge_mf_50": 0.0, "marcoge_mf_51": 0.0, "marcoge_mf_52": 0.0, "marcoge_mf_53": 0.0, "marcoge_mf_54": 0.0, "marcoge_mf_55": 0.0, "marcoge_mf_56": 1.469398856163025, "marcoge_mf_57": 0.0, "marcoge_mf_58": 0.0, "marcoge_mf_59": 0.0, "marcoge_mf_60": 0.0, "marcoge_mf_61": 0.0, "marcoge_mf_62": 0.0, "marcoge_mf_63": 1.3793540000915527, "marcoge_mf_64": 0.0, "marcoge_mf_65": 0.0, "marcoge_mf_66": 0.7608941793441772, "marcoge_mf_67": 0.0, "marcoge_mf_68": 2.0828628540039062, "marcoge_mf_69": 1.0665203332901, "marcoge_mf_70": 0.0, "marcoge_mf_71": 0.9454526305198669, "marcoge_mf_72": 2.4576568603515625, "marcoge_mf_73": 0.0, "marcoge_mf_74": 0.0, "marcoge_mf_75": 0.0, "marcoge_mf_76": 0.0, "marcoge_mf_77": 0.0, "marcoge_mf_78": 1.1931663751602173, "marcoge_mf_79": 1.97629976272583, "marcoge_mf_80": 0.0, "marcoge_mf_81": 1.5328686237335205, "marcoge_mf_82": 0.0, "marcoge_mf_83": 1.4335118532180786, "marcoge_mf_84": 0.0, "marcoge_mf_85": 0.0, "marcoge_mf_86": 0.0, "marcoge_mf_87": 0.0, "marcoge_mf_88": 0.0, "marcoge_mf_89": 0.0, "marcoge_mf_90": 0.2615715265274048, "marcoge_mf_91": 1.2462711334228516, "marcoge_mf_92": 0.0, "marcoge_mf_93": 0.0, "marcoge_mf_94": 2.143670082092285, "marcoge_mf_95": 0.3181261420249939, "marcoge_mf_96": 0.0, "marcoge_mf_97": 0.0, "marcoge_mf_98": 0.0, "marcoge_mf_99": 0.0, "marcoge_mf_100": 0.0, "marcoge_mf_101": 0.0, "marcoge_mf_102": 0.0, "marcoge_mf_103": 0.0, "marcoge_mf_104": 1.5667887926101685, "marcoge_mf_105": 2.6180858612060547, "marcoge_mf_106": 2.7028865814208984, "marcoge_mf_107": 0.0, "marcoge_mf_108": 1.4506542682647705, "marcoge_mf_109": 0.9739774465560913, "marcoge_mf_110": 1.7995567321777344, "marcoge_mf_111": 0.0, "marcoge_mf_112": 0.0, "marcoge_mf_113": 0.9060660004615784, "marcoge_mf_114": 0.44764024019241333, "marcoge_mf_115": 0.0, "marcoge_mf_116": 1.1940592527389526, "marcoge_mf_117": 1.111603021621704, "marcoge_mf_118": 0.0, "marcoge_mf_119": 1.1353378295898438, "marcoge_mf_120": 0.0, "marcoge_mf_121": 2.139665365219116, "marcoge_mf_122": 0.0, "marcoge_mf_123": 1.1773985624313354,